Confirmed Foreign National,Confirmed Indian National,Date,State/UnionTerritory,State/UnionTerritory (group),Time,% of death,%cured,%of confimed cases,%of cured,Confirmed,Cured,death%,Deaths,Sno
0,1,30-01-2020,Kerala,Other,6:00 PM,0,0,0.007837605,0,1,0,0,0,1
0,1,31-01-2020,Kerala,Other,6:00 PM,0,0,0.007837605,0,1,0,0,0,2
0,2,01-02-2020,Kerala,Other,6:00 PM,0,0,0.015675210,0,2,0,0,0,3
0,3,02-02-2020,Kerala,Other,6:00 PM,0,0,0.023512814,0,3,0,0,0,4
0,3,03-02-2020,Kerala,Other,6:00 PM,0,0,0.023512814,0,3,0,0,0,5
0,3,04-02-2020,Kerala,Other,6:00 PM,0,0,0.023512814,0,3,0,0,0,6
0,3,05-02-2020,Kerala,Other,6:00 PM,0,0,0.023512814,0,3,0,0,0,7
0,3,06-02-2020,Kerala,Other,6:00 PM,0,0,0.023512814,0,3,0,0,0,8
0,3,07-02-2020,Kerala,Other,6:00 PM,0,0,0.023512814,0,3,0,0,0,9
0,3,08-02-2020,Kerala,Other,6:00 PM,0,0,0.023512814,0,3,0,0,0,10
0,3,09-02-2020,Kerala,Other,6:00 PM,0,0,0.023512814,0,3,0,0,0,11
0,3,10-02-2020,Kerala,Other,6:00 PM,0,0,0.023512814,0,3,0,0,0,12
0,3,11-02-2020,Kerala,Other,6:00 PM,0,0,0.023512814,0,3,0,0,0,13
0,3,12-02-2020,Kerala,Other,6:00 PM,0,0,0.023512814,0,3,0,0,0,14
0,3,13-02-2020,Kerala,Other,6:00 PM,0,0,0.023512814,0,3,0,0,0,15
0,3,14-02-2020,Kerala,Other,6:00 PM,0,0,0.023512814,0,3,0,0,0,16
0,3,15-02-2020,Kerala,Other,6:00 PM,0,0,0.023512814,0,3,0,0,0,17
0,3,16-02-2020,Kerala,Other,6:00 PM,0,0,0.023512814,0,3,0,0,0,18
0,3,17-02-2020,Kerala,Other,6:00 PM,0,0,0.023512814,0,3,0,0,0,19
0,3,18-02-2020,Kerala,Other,6:00 PM,0,0,0.023512814,0,3,0,0,0,20
0,3,19-02-2020,Kerala,Other,6:00 PM,0,0,0.023512814,0,3,0,0,0,21
0,3,20-02-2020,Kerala,Other,6:00 PM,0,0,0.023512814,0,3,0,0,0,22
0,3,21-02-2020,Kerala,Other,6:00 PM,0,0,0.023512814,0,3,0,0,0,23
0,3,22-02-2020,Kerala,Other,6:00 PM,0,0,0.023512814,0,3,0,0,0,24
0,3,23-02-2020,Kerala,Other,6:00 PM,0,0,0.023512814,0,3,0,0,0,25
0,3,24-02-2020,Kerala,Other,6:00 PM,0,0,0.023512814,0,3,0,0,0,26
0,3,25-02-2020,Kerala,Other,6:00 PM,0,0,0.023512814,0,3,0,0,0,27
0,3,26-02-2020,Kerala,Other,6:00 PM,0,0,0.023512814,0,3,0,0,0,28
0,3,27-02-2020,Kerala,Other,6:00 PM,0,0,0.023512814,0,3,0,0,0,29
0,3,28-02-2020,Kerala,Other,6:00 PM,0,0,0.023512814,0,3,0,0,0,30
0,3,29-02-2020,Kerala,Other,6:00 PM,0,0,0.023512814,0,3,0,0,0,31
0,3,01-03-2020,Kerala,Other,6:00 PM,0,0,0.023512814,0,3,0,0,0,32
0,1,02-03-2020,Telengana,Other,6:00 PM,0,0,0.007837605,0,1,0,0,0,33
0,3,02-03-2020,Kerala,Other,6:00 PM,0,0,0.023512814,0,3,0,0,0,34
0,1,02-03-2020,Delhi,Other,6:00 PM,0,0,0.007837605,0,1,0,0,0,35
0,1,03-03-2020,Telengana,Other,6:00 PM,0,0,0.007837605,0,1,0,0,0,36
1,0,03-03-2020,Rajasthan,Other,6:00 PM,0,0,0.007837605,0,1,0,0,0,37
0,3,03-03-2020,Kerala,Other,6:00 PM,0,100,0.023512814,100,3,3,0,0,38
0,1,03-03-2020,Delhi,Other,6:00 PM,0,0,0.007837605,0,1,0,0,0,39
0,6,04-03-2020,Uttar Pradesh,Other,6:00 PM,0,0,0.047025629,0,6,0,0,0,40
0,3,04-03-2020,Kerala,Other,6:00 PM,0,100,0.023512814,100,3,3,0,0,41
2,0,04-03-2020,Haryana,Other,6:00 PM,0,0,0.015675210,0,2,0,0,0,42
0,1,04-03-2020,Delhi,Other,6:00 PM,0,0,0.007837605,0,1,0,0,0,43
0,1,04-03-2020,Telengana,Other,6:00 PM,0,0,0.007837605,0,1,0,0,0,44
14,1,04-03-2020,Rajasthan,Other,6:00 PM,0,0,0.117564072,0,15,0,0,0,45
0,2,05-03-2020,Delhi,Other,6:00 PM,0,0,0.015675210,0,2,0,0,0,46
2,0,05-03-2020,Haryana,Other,6:00 PM,0,0,0.015675210,0,2,0,0,0,47
0,3,05-03-2020,Kerala,Other,6:00 PM,0,100,0.023512814,100,3,3,0,0,48
14,1,05-03-2020,Rajasthan,Other,6:00 PM,0,0,0.117564072,0,15,0,0,0,49
0,1,05-03-2020,Telengana,Other,6:00 PM,0,0,0.007837605,0,1,0,0,0,50
0,7,05-03-2020,Uttar Pradesh,Other,6:00 PM,0,0,0.054863234,0,7,0,0,0,51
0,3,06-03-2020,Delhi,Other,6:00 PM,0,0,0.023512814,0,3,0,0,0,52
2,0,06-03-2020,Haryana,Other,6:00 PM,0,0,0.015675210,0,2,0,0,0,53
0,3,06-03-2020,Kerala,Other,6:00 PM,0,100,0.023512814,100,3,3,0,0,54
14,1,06-03-2020,Rajasthan,Other,6:00 PM,0,0,0.117564072,0,15,0,0,0,55
0,7,06-03-2020,Uttar Pradesh,Other,6:00 PM,0,0,0.054863234,0,7,0,0,0,56
0,1,06-03-2020,Telengana,Other,6:00 PM,0,0,0.007837605,0,1,0,0,0,57
0,3,07-03-2020,Kerala,Other,6:00 PM,0,100,0.023512814,100,3,3,0,0,58
0,7,07-03-2020,Uttar Pradesh,Other,6:00 PM,0,0,0.054863234,0,7,0,0,0,59
0,2,07-03-2020,Ladakh,Other,6:00 PM,0,0,0.015675210,0,2,0,0,0,60
0,1,07-03-2020,Telengana,Other,6:00 PM,0,0,0.007837605,0,1,0,0,0,61
0,1,07-03-2020,Tamil Nadu,Other,6:00 PM,0,0,0.007837605,0,1,0,0,0,62
0,3,07-03-2020,Delhi,Other,6:00 PM,0,0,0.023512814,0,3,0,0,0,63
2,0,07-03-2020,Haryana,Other,6:00 PM,0,0,0.015675210,0,2,0,0,0,64
14,1,07-03-2020,Rajasthan,Other,6:00 PM,0,0,0.117564072,0,15,0,0,0,65
0,2,08-03-2020,Ladakh,Other,6:00 PM,0,0,0.015675210,0,2,0,0,0,66
0,1,08-03-2020,Telengana,Other,6:00 PM,0,0,0.007837605,0,1,0,0,0,67
0,1,08-03-2020,Tamil Nadu,Other,6:00 PM,0,0,0.007837605,0,1,0,0,0,68
14,1,08-03-2020,Rajasthan,Other,6:00 PM,0,0,0.117564072,0,15,0,0,0,69
0,8,08-03-2020,Kerala,Other,6:00 PM,0,37.5,0.062700839,37.5,8,3,0,0,70
2,0,08-03-2020,Haryana,Other,6:00 PM,0,0,0.015675210,0,2,0,0,0,71
0,3,08-03-2020,Delhi,Other,6:00 PM,0,0,0.023512814,0,3,0,0,0,72
0,7,08-03-2020,Uttar Pradesh,Other,6:00 PM,0,0,0.054863234,0,7,0,0,0,73
0,2,09-03-2020,Ladakh,Other,6:00 PM,0,0,0.015675210,0,2,0,0,0,74
0,1,09-03-2020,Karnataka,Other,6:00 PM,0,0,0.007837605,0,1,0,0,0,75
0,9,09-03-2020,Kerala,Other,6:00 PM,0,33.333333333,0.070538443,33.333333333,9,3,0,0,76
0,2,09-03-2020,Maharashtra,Maharashtra,6:00 PM,0,0,0.015675210,0,2,0,0,0,77
0,1,09-03-2020,Punjab,Other,6:00 PM,0,0,0.007837605,0,1,0,0,0,78
14,1,09-03-2020,Rajasthan,Other,6:00 PM,0,0,0.117564072,0,15,0,0,0,79
0,1,09-03-2020,Tamil Nadu,Other,6:00 PM,0,0,0.007837605,0,1,0,0,0,80
0,1,09-03-2020,Telengana,Other,6:00 PM,0,0,0.007837605,0,1,0,0,0,81
0,1,09-03-2020,Jammu and Kashmir,Other,6:00 PM,0,0,0.007837605,0,1,0,0,0,82
0,7,09-03-2020,Uttar Pradesh,Other,6:00 PM,0,0,0.054863234,0,7,0,0,0,83
2,0,09-03-2020,Haryana,Other,6:00 PM,0,0,0.015675210,0,2,0,0,0,84
0,4,09-03-2020,Delhi,Other,6:00 PM,0,0,0.031350419,0,4,0,0,0,85
0,7,10-03-2020,Uttar Pradesh,Other,6:00 PM,0,0,0.054863234,0,7,0,0,0,86
0,2,10-03-2020,Ladakh,Other,6:00 PM,0,0,0.015675210,0,2,0,0,0,87
0,4,10-03-2020,Delhi,Other,6:00 PM,0,0,0.031350419,0,4,0,0,0,88
2,0,10-03-2020,Haryana,Other,6:00 PM,0,0,0.015675210,0,2,0,0,0,89
0,4,10-03-2020,Karnataka,Other,6:00 PM,0,0,0.031350419,0,4,0,0,0,90
0,15,10-03-2020,Kerala,Other,6:00 PM,0,20,0.117564072,20,15,3,0,0,91
0,5,10-03-2020,Maharashtra,Maharashtra,6:00 PM,0,0,0.039188024,0,5,0,0,0,92
0,1,10-03-2020,Punjab,Other,6:00 PM,0,0,0.007837605,0,1,0,0,0,93
14,1,10-03-2020,Rajasthan,Other,6:00 PM,0,0,0.117564072,0,15,0,0,0,94
0,1,10-03-2020,Tamil Nadu,Other,6:00 PM,0,0,0.007837605,0,1,0,0,0,95
0,1,10-03-2020,Telengana,Other,6:00 PM,0,0,0.007837605,0,1,0,0,0,96
0,1,10-03-2020,Jammu and Kashmir,Other,6:00 PM,0,0,0.007837605,0,1,0,0,0,97
0,2,11-03-2020,Maharashtra,Maharashtra,6:00 PM,0,0,0.015675210,0,2,0,0,0,98
0,5,11-03-2020,Delhi,Other,6:00 PM,0,0,0.039188024,0,5,0,0,0,99
14,0,11-03-2020,Haryana,Other,6:00 PM,0,0,0.109726468,0,14,0,0,0,100
0,17,11-03-2020,Kerala,Other,6:00 PM,0,17.647058824,0.133239282,17.647058824,17,3,0,0,101
2,1,11-03-2020,Rajasthan,Other,6:00 PM,0,0,0.023512814,0,3,0,0,0,102
0,1,11-03-2020,Telengana,Other,6:00 PM,0,0,0.007837605,0,1,0,0,0,103
0,9,11-03-2020,Uttar Pradesh,Other,6:00 PM,0,0,0.070538443,0,9,0,0,0,104
0,2,11-03-2020,Ladakh,Other,6:00 PM,0,0,0.015675210,0,2,0,0,0,105
0,1,11-03-2020,Tamil Nadu,Other,6:00 PM,0,0,0.007837605,0,1,0,0,0,106
0,1,11-03-2020,Jammu and Kashmir,Other,6:00 PM,0,0,0.007837605,0,1,0,0,0,107
0,1,11-03-2020,Punjab,Other,6:00 PM,0,0,0.007837605,0,1,0,0,0,108
0,4,11-03-2020,Karnataka,Other,6:00 PM,0,0,0.031350419,0,4,0,0,0,109
0,6,12-03-2020,Delhi,Other,6:00 PM,0,0,0.047025629,0,6,0,0,0,110
14,0,12-03-2020,Haryana,Other,6:00 PM,0,0,0.109726468,0,14,0,0,0,111
0,17,12-03-2020,Kerala,Other,6:00 PM,0,17.647058824,0.133239282,17.647058824,17,3,0,0,112
2,1,12-03-2020,Rajasthan,Other,6:00 PM,0,0,0.023512814,0,3,0,0,0,113
0,1,12-03-2020,Telengana,Other,6:00 PM,0,0,0.007837605,0,1,0,0,0,114
1,10,12-03-2020,Uttar Pradesh,Other,6:00 PM,0,0,0.086213653,0,11,0,0,0,115
0,3,12-03-2020,Ladakh,Other,6:00 PM,0,0,0.023512814,0,3,0,0,0,116
0,1,12-03-2020,Tamil Nadu,Other,6:00 PM,0,0,0.007837605,0,1,0,0,0,117
0,1,12-03-2020,Jammu and Kashmir,Other,6:00 PM,0,0,0.007837605,0,1,0,0,0,118
0,1,12-03-2020,Punjab,Other,6:00 PM,0,0,0.007837605,0,1,0,0,0,119
0,4,12-03-2020,Karnataka,Other,6:00 PM,0,0,0.031350419,0,4,0,0,0,120
0,11,12-03-2020,Maharashtra,Maharashtra,6:00 PM,0,0,0.086213653,0,11,0,0,0,121
0,1,12-03-2020,Andhra Pradesh,Other,6:00 PM,0,0,0.007837605,0,1,0,0,0,122
0,6,13-03-2020,Delhi,Other,6:00 PM,0,0,0.047025629,0,6,0,0,0,123
14,0,13-03-2020,Haryana,Other,6:00 PM,0,0,0.109726468,0,14,0,0,0,124
0,19,13-03-2020,Kerala,Other,6:00 PM,0,15.789473684,0.148914492,15.789473684,19,3,0,0,125
2,1,13-03-2020,Rajasthan,Other,6:00 PM,0,0,0.023512814,0,3,0,0,0,126
0,1,13-03-2020,Telengana,Other,6:00 PM,0,0,0.007837605,0,1,0,0,0,127
1,10,13-03-2020,Uttar Pradesh,Other,6:00 PM,0,0,0.086213653,0,11,0,0,0,128
0,3,13-03-2020,Ladakh,Other,6:00 PM,0,0,0.023512814,0,3,0,0,0,129
0,1,13-03-2020,Tamil Nadu,Other,6:00 PM,0,0,0.007837605,0,1,0,0,0,130
0,1,13-03-2020,Jammu and Kashmir,Other,6:00 PM,0,0,0.007837605,0,1,0,0,0,131
0,1,13-03-2020,Punjab,Other,6:00 PM,0,0,0.007837605,0,1,0,0,0,132
0,6,13-03-2020,Karnataka,Other,6:00 PM,16.666666667,0,0.047025629,0,6,0,16.666666667,1,133
0,14,13-03-2020,Maharashtra,Maharashtra,6:00 PM,0,0,0.109726468,0,14,0,0,0,134
0,1,13-03-2020,Andhra Pradesh,Other,6:00 PM,0,0,0.007837605,0,1,0,0,0,135
0,7,14-03-2020,Delhi,Other,6:00 PM,14.285714286,14.285714286,0.054863234,14.285714286,7,1,14.285714286,1,136
14,0,14-03-2020,Haryana,Other,6:00 PM,0,0,0.109726468,0,14,0,0,0,137
0,19,14-03-2020,Kerala,Other,6:00 PM,0,15.789473684,0.148914492,15.789473684,19,3,0,0,138
2,1,14-03-2020,Rajasthan,Other,6:00 PM,0,33.333333333,0.023512814,33.333333333,3,1,0,0,139
0,1,14-03-2020,Telengana,Other,6:00 PM,0,0,0.007837605,0,1,0,0,0,140
1,11,14-03-2020,Uttar Pradesh,Other,6:00 PM,0,41.666666667,0.094051258,41.666666667,12,5,0,0,141
0,3,14-03-2020,Ladakh,Other,6:00 PM,0,0,0.023512814,0,3,0,0,0,142
0,1,14-03-2020,Tamil Nadu,Other,6:00 PM,0,0,0.007837605,0,1,0,0,0,143
0,2,14-03-2020,Jammu and Kashmir,Other,6:00 PM,0,0,0.015675210,0,2,0,0,0,144
0,1,14-03-2020,Punjab,Other,6:00 PM,0,0,0.007837605,0,1,0,0,0,145
0,6,14-03-2020,Karnataka,Other,6:00 PM,16.666666667,0,0.047025629,0,6,0,16.666666667,1,146
0,14,14-03-2020,Maharashtra,Maharashtra,6:00 PM,0,0,0.109726468,0,14,0,0,0,147
0,1,14-03-2020,Andhra Pradesh,Other,6:00 PM,0,0,0.007837605,0,1,0,0,0,148
0,1,15-03-2020,Andhra Pradesh,Other,6:00 PM,0,0,0.007837605,0,1,0,0,0,149
0,7,15-03-2020,Delhi,Other,6:00 PM,14.285714286,28.571428571,0.054863234,28.571428571,7,2,14.285714286,1,150
14,0,15-03-2020,Haryana,Other,6:00 PM,0,0,0.109726468,0,14,0,0,0,151
0,6,15-03-2020,Karnataka,Other,6:00 PM,16.666666667,0,0.047025629,0,6,0,16.666666667,1,152
0,22,15-03-2020,Kerala,Other,6:00 PM,0,13.636363636,0.172427306,13.636363636,22,3,0,0,153
0,32,15-03-2020,Maharashtra,Maharashtra,6:00 PM,0,0,0.250803354,0,32,0,0,0,154
0,1,15-03-2020,Punjab,Other,6:00 PM,0,0,0.007837605,0,1,0,0,0,155
2,2,15-03-2020,Rajasthan,Other,6:00 PM,0,75,0.031350419,75,4,3,0,0,156
0,1,15-03-2020,Tamil Nadu,Other,6:00 PM,0,0,0.007837605,0,1,0,0,0,157
0,3,15-03-2020,Telengana,Other,6:00 PM,0,33.333333333,0.023512814,33.333333333,3,1,0,0,158
0,2,15-03-2020,Jammu and Kashmir,Other,6:00 PM,0,0,0.015675210,0,2,0,0,0,159
0,3,15-03-2020,Ladakh,Other,6:00 PM,0,0,0.023512814,0,3,0,0,0,160
1,12,15-03-2020,Uttar Pradesh,Other,6:00 PM,0,30.769230769,0.101888863,30.769230769,13,4,0,0,161
0,1,15-03-2020,Uttarakhand,Other,6:00 PM,0,0,0.007837605,0,1,0,0,0,162
0,1,16-03-2020,Andhra Pradesh,Other,6:00 PM,0,0,0.007837605,0,1,0,0,0,163
0,7,16-03-2020,Delhi,Other,6:00 PM,14.285714286,28.571428571,0.054863234,28.571428571,7,2,14.285714286,1,164
14,0,16-03-2020,Haryana,Other,6:00 PM,0,0,0.109726468,0,14,0,0,0,165
0,6,16-03-2020,Karnataka,Other,6:00 PM,16.666666667,0,0.047025629,0,6,0,16.666666667,1,166
0,23,16-03-2020,Kerala,Other,6:00 PM,0,13.043478261,0.180264911,13.043478261,23,3,0,0,167
0,32,16-03-2020,Maharashtra,Maharashtra,6:00 PM,0,0,0.250803354,0,32,0,0,0,168
0,1,16-03-2020,Odisha,Other,6:00 PM,0,0,0.007837605,0,1,0,0,0,169
0,1,16-03-2020,Punjab,Other,6:00 PM,0,0,0.007837605,0,1,0,0,0,170
2,2,16-03-2020,Rajasthan,Other,6:00 PM,0,75,0.031350419,75,4,3,0,0,171
0,1,16-03-2020,Tamil Nadu,Other,6:00 PM,0,0,0.007837605,0,1,0,0,0,172
0,3,16-03-2020,Telengana,Other,6:00 PM,0,33.333333333,0.023512814,33.333333333,3,1,0,0,173
0,3,16-03-2020,Jammu and Kashmir,Other,6:00 PM,0,0,0.023512814,0,3,0,0,0,174
0,4,16-03-2020,Ladakh,Other,6:00 PM,0,0,0.031350419,0,4,0,0,0,175
1,12,16-03-2020,Uttar Pradesh,Other,6:00 PM,0,30.769230769,0.101888863,30.769230769,13,4,0,0,176
0,1,16-03-2020,Uttarakhand,Other,6:00 PM,0,0,0.007837605,0,1,0,0,0,177
0,1,17-03-2020,Andhra Pradesh,Other,6:00 PM,0,0,0.007837605,0,1,0,0,0,178
0,8,17-03-2020,Delhi,Other,6:00 PM,12.5,25,0.062700839,25,8,2,12.5,1,179
14,1,17-03-2020,Haryana,Other,6:00 PM,0,0,0.117564072,0,15,0,0,0,180
0,11,17-03-2020,Karnataka,Other,6:00 PM,9.090909091,0,0.086213653,0,11,0,9.090909091,1,181
2,24,17-03-2020,Kerala,Other,6:00 PM,0,11.538461538,0.203777726,11.538461538,26,3,0,0,182
3,36,17-03-2020,Maharashtra,Maharashtra,6:00 PM,2.564102564,0,0.305666588,0,39,0,2.564102564,1,183
0,1,17-03-2020,Odisha,Other,6:00 PM,0,0,0.007837605,0,1,0,0,0,184
0,1,17-03-2020,Punjab,Other,6:00 PM,0,0,0.007837605,0,1,0,0,0,185
2,2,17-03-2020,Rajasthan,Other,6:00 PM,0,75,0.031350419,75,4,3,0,0,186
0,1,17-03-2020,Tamil Nadu,Other,6:00 PM,0,0,0.007837605,0,1,0,0,0,187
2,3,17-03-2020,Telengana,Other,6:00 PM,0,20,0.039188024,20,5,1,0,0,188
0,3,17-03-2020,Jammu and Kashmir,Other,6:00 PM,0,0,0.023512814,0,3,0,0,0,189
0,6,17-03-2020,Ladakh,Other,6:00 PM,0,0,0.047025629,0,6,0,0,0,190
1,14,17-03-2020,Uttar Pradesh,Other,6:00 PM,0,33.333333333,0.117564072,33.333333333,15,5,0,0,191
0,1,17-03-2020,Uttarakhand,Other,6:00 PM,0,0,0.007837605,0,1,0,0,0,192
0,1,18-03-2020,Andhra Pradesh,Other,6:00 PM,0,0,0.007837605,0,1,0,0,0,193
1,9,18-03-2020,Delhi,Other,6:00 PM,10,20,0.078376048,20,10,2,10,1,194
14,3,18-03-2020,Haryana,Other,6:00 PM,0,0,0.133239282,0,17,0,0,0,195
0,11,18-03-2020,Karnataka,Other,6:00 PM,9.090909091,0,0.086213653,0,11,0,9.090909091,1,196
2,25,18-03-2020,Kerala,Other,6:00 PM,0,11.111111111,0.211615330,11.111111111,27,3,0,0,197
3,39,18-03-2020,Maharashtra,Maharashtra,6:00 PM,2.380952381,0,0.329179403,0,42,0,2.380952381,1,198
0,1,18-03-2020,Odisha,Other,6:00 PM,0,0,0.007837605,0,1,0,0,0,199
0,1,18-03-2020,Puducherry,Other,6:00 PM,0,0,0.007837605,0,1,0,0,0,200
0,1,18-03-2020,Punjab,Other,6:00 PM,0,0,0.007837605,0,1,0,0,0,201
2,2,18-03-2020,Rajasthan,Other,6:00 PM,0,75,0.031350419,75,4,3,0,0,202
0,1,18-03-2020,Tamil Nadu,Other,6:00 PM,0,0,0.007837605,0,1,0,0,0,203
2,4,18-03-2020,Telengana,Other,6:00 PM,0,16.666666667,0.047025629,16.666666667,6,1,0,0,204
0,3,18-03-2020,Jammu and Kashmir,Other,6:00 PM,0,0,0.023512814,0,3,0,0,0,205
0,8,18-03-2020,Ladakh,Other,6:00 PM,0,0,0.062700839,0,8,0,0,0,206
1,15,18-03-2020,Uttar Pradesh,Other,6:00 PM,0,31.25,0.125401677,31.25,16,5,0,0,207
0,1,18-03-2020,Uttarakhand,Other,6:00 PM,0,0,0.007837605,0,1,0,0,0,208
0,1,18-03-2020,West Bengal,Other,6:00 PM,0,0,0.007837605,0,1,0,0,0,209
0,2,19-03-2020,Andhra Pradesh,Other,6:00 PM,0,0,0.015675210,0,2,0,0,0,210
0,1,19-03-2020,Chhattisgarh,Other,6:00 PM,0,0,0.007837605,0,1,0,0,0,211
1,11,19-03-2020,Delhi,Other,6:00 PM,8.333333333,25,0.094051258,25,12,3,8.333333333,1,212
14,3,19-03-2020,Haryana,Other,6:00 PM,0,0,0.133239282,0,17,0,0,0,213
0,14,19-03-2020,Karnataka,Other,6:00 PM,7.142857143,0,0.109726468,0,14,0,7.142857143,1,214
2,25,19-03-2020,Kerala,Other,6:00 PM,0,11.111111111,0.211615330,11.111111111,27,3,0,0,215
3,44,19-03-2020,Maharashtra,Maharashtra,6:00 PM,2.127659574,0,0.368367427,0,47,0,2.127659574,1,216
0,1,19-03-2020,Odisha,Other,6:00 PM,0,0,0.007837605,0,1,0,0,0,217
0,1,19-03-2020,Puducherry,Other,6:00 PM,0,0,0.007837605,0,1,0,0,0,218
0,2,19-03-2020,Punjab,Other,6:00 PM,50,0,0.015675210,0,2,0,50,1,219
2,5,19-03-2020,Rajasthan,Other,6:00 PM,0,42.857142857,0.054863234,42.857142857,7,3,0,0,220
0,2,19-03-2020,Tamil Nadu,Other,6:00 PM,0,50,0.015675210,50,2,1,0,0,221
2,4,19-03-2020,Telengana,Other,6:00 PM,0,16.666666667,0.047025629,16.666666667,6,1,0,0,222
0,1,19-03-2020,Chandigarh,Other,6:00 PM,0,0,0.007837605,0,1,0,0,0,223
0,4,19-03-2020,Jammu and Kashmir,Other,6:00 PM,0,0,0.031350419,0,4,0,0,0,224
0,8,19-03-2020,Ladakh,Other,6:00 PM,0,0,0.062700839,0,8,0,0,0,225
1,18,19-03-2020,Uttar Pradesh,Other,6:00 PM,0,47.368421053,0.148914492,47.368421053,19,9,0,0,226
0,1,19-03-2020,Uttarakhand,Other,6:00 PM,0,0,0.007837605,0,1,0,0,0,227
0,1,19-03-2020,West Bengal,Other,6:00 PM,0,0,0.007837605,0,1,0,0,0,228
0,3,20-03-2020,Andhra Pradesh,Other,6:00 PM,0,0,0.023512814,0,3,0,0,0,229
0,1,20-03-2020,Chhattisgarh,Other,6:00 PM,0,0,0.007837605,0,1,0,0,0,230
1,16,20-03-2020,Delhi,Other,6:00 PM,5.882352941,29.411764706,0.133239282,29.411764706,17,5,5.882352941,1,231
0,5,20-03-2020,Gujarat,Other,6:00 PM,0,0,0.039188024,0,5,0,0,0,232
14,3,20-03-2020,Haryana,Other,6:00 PM,0,0,0.133239282,0,17,0,0,0,233
0,15,20-03-2020,Karnataka,Other,6:00 PM,6.666666667,6.666666667,0.117564072,6.666666667,15,1,6.666666667,1,234
2,26,20-03-2020,Kerala,Other,6:00 PM,0,10.714285714,0.219452935,10.714285714,28,3,0,0,235
3,49,20-03-2020,Maharashtra,Maharashtra,6:00 PM,1.923076923,0,0.407555451,0,52,0,1.923076923,1,236
0,2,20-03-2020,Odisha,Other,6:00 PM,0,0,0.015675210,0,2,0,0,0,237
0,1,20-03-2020,Puducherry,Other,6:00 PM,0,0,0.007837605,0,1,0,0,0,238
0,2,20-03-2020,Punjab,Other,6:00 PM,50,0,0.015675210,0,2,0,50,1,239
2,15,20-03-2020,Rajasthan,Other,6:00 PM,0,17.647058824,0.133239282,17.647058824,17,3,0,0,240
0,3,20-03-2020,Tamil Nadu,Other,6:00 PM,0,33.333333333,0.023512814,33.333333333,3,1,0,0,241
9,8,20-03-2020,Telengana,Other,6:00 PM,0,5.882352941,0.133239282,5.882352941,17,1,0,0,242
0,1,20-03-2020,Chandigarh,Other,6:00 PM,0,0,0.007837605,0,1,0,0,0,243
0,4,20-03-2020,Jammu and Kashmir,Other,6:00 PM,0,0,0.031350419,0,4,0,0,0,244
0,10,20-03-2020,Ladakh,Other,6:00 PM,0,0,0.078376048,0,10,0,0,0,245
1,22,20-03-2020,Uttar Pradesh,Other,6:00 PM,0,39.130434783,0.180264911,39.130434783,23,9,0,0,246
0,3,20-03-2020,Uttarakhand,Other,6:00 PM,0,0,0.023512814,0,3,0,0,0,247
0,2,20-03-2020,West Bengal,Other,6:00 PM,0,0,0.015675210,0,2,0,0,0,248
0,3,21-03-2020,Andhra Pradesh,Other,6:00 PM,0,0,0.023512814,0,3,0,0,0,249
0,1,21-03-2020,Chhattisgarh,Other,6:00 PM,0,0,0.007837605,0,1,0,0,0,250
1,25,21-03-2020,Delhi,Other,6:00 PM,3.846153846,19.230769231,0.203777726,19.230769231,26,5,3.846153846,1,251
0,7,21-03-2020,Gujarat,Other,6:00 PM,0,0,0.054863234,0,7,0,0,0,252
14,3,21-03-2020,Haryana,Other,6:00 PM,0,0,0.133239282,0,17,0,0,0,253
0,2,21-03-2020,Himachal Pradesh,Other,6:00 PM,0,0,0.015675210,0,2,0,0,0,254
0,15,21-03-2020,Karnataka,Other,6:00 PM,6.666666667,6.666666667,0.117564072,6.666666667,15,1,6.666666667,1,255
7,33,21-03-2020,Kerala,Other,6:00 PM,0,7.5,0.313504193,7.5,40,3,0,0,256
0,4,21-03-2020,Madhya Pradesh,Other,6:00 PM,0,0,0.031350419,0,4,0,0,0,257
3,60,21-03-2020,Maharashtra,Maharashtra,6:00 PM,1.587301587,0,0.493769104,0,63,0,1.587301587,1,258
0,2,21-03-2020,Odisha,Other,6:00 PM,0,0,0.015675210,0,2,0,0,0,259
0,1,21-03-2020,Puducherry,Other,6:00 PM,0,0,0.007837605,0,1,0,0,0,260
0,13,21-03-2020,Punjab,Other,6:00 PM,7.692307692,0,0.101888863,0,13,0,7.692307692,1,261
2,15,21-03-2020,Rajasthan,Other,6:00 PM,0,17.647058824,0.133239282,17.647058824,17,3,0,0,262
0,3,21-03-2020,Tamil Nadu,Other,6:00 PM,0,33.333333333,0.023512814,33.333333333,3,1,0,0,263
11,10,21-03-2020,Telengana,Other,6:00 PM,0,4.761904762,0.164589701,4.761904762,21,1,0,0,264
0,1,21-03-2020,Chandigarh,Other,6:00 PM,0,0,0.007837605,0,1,0,0,0,265
0,4,21-03-2020,Jammu and Kashmir,Other,6:00 PM,0,0,0.031350419,0,4,0,0,0,266
0,13,21-03-2020,Ladakh,Other,6:00 PM,0,0,0.101888863,0,13,0,0,0,267
1,23,21-03-2020,Uttar Pradesh,Other,6:00 PM,0,37.5,0.188102516,37.5,24,9,0,0,268
0,3,21-03-2020,Uttarakhand,Other,6:00 PM,0,0,0.023512814,0,3,0,0,0,269
0,3,21-03-2020,West Bengal,Other,6:00 PM,0,0,0.023512814,0,3,0,0,0,270
0,5,22-03-2020,Andhra Pradesh,Other,6:00 PM,0,0,0.039188024,0,5,0,0,0,271
0,2,22-03-2020,Bihar,Other,6:00 PM,50,0,0.015675210,0,2,0,50,1,272
0,1,22-03-2020,Chhattisgarh,Other,6:00 PM,0,0,0.007837605,0,1,0,0,0,273
1,28,22-03-2020,Delhi,Other,6:00 PM,3.448275862,17.241379310,0.227290540,17.241379310,29,5,3.448275862,1,274
0,18,22-03-2020,Gujarat,Other,6:00 PM,5.555555556,0,0.141076887,0,18,0,5.555555556,1,275
14,7,22-03-2020,Haryana,Other,6:00 PM,0,0,0.164589701,0,21,0,0,0,276
0,2,22-03-2020,Himachal Pradesh,Other,6:00 PM,0,0,0.015675210,0,2,0,0,0,277
0,26,22-03-2020,Karnataka,Other,6:00 PM,3.846153846,7.692307692,0.203777726,7.692307692,26,2,3.846153846,1,278
7,45,22-03-2020,Kerala,Other,6:00 PM,0,5.769230769,0.407555451,5.769230769,52,3,0,0,279
0,4,22-03-2020,Madhya Pradesh,Other,6:00 PM,0,0,0.031350419,0,4,0,0,0,280
3,64,22-03-2020,Maharashtra,Maharashtra,6:00 PM,2.985074627,0,0.525119523,0,67,0,2.985074627,2,281
0,2,22-03-2020,Odisha,Other,6:00 PM,0,0,0.015675210,0,2,0,0,0,282
0,1,22-03-2020,Puducherry,Other,6:00 PM,0,0,0.007837605,0,1,0,0,0,283
0,21,22-03-2020,Punjab,Other,6:00 PM,4.761904762,0,0.164589701,0,21,0,4.761904762,1,284
2,22,22-03-2020,Rajasthan,Other,6:00 PM,0,12.5,0.188102516,12.5,24,3,0,0,285
2,5,22-03-2020,Tamil Nadu,Other,6:00 PM,0,14.285714286,0.054863234,14.285714286,7,1,0,0,286
11,11,22-03-2020,Telengana,Other,6:00 PM,0,4.545454545,0.172427306,4.545454545,22,1,0,0,287
0,5,22-03-2020,Chandigarh,Other,6:00 PM,0,0,0.039188024,0,5,0,0,0,288
0,4,22-03-2020,Jammu and Kashmir,Other,6:00 PM,0,0,0.031350419,0,4,0,0,0,289
0,13,22-03-2020,Ladakh,Other,6:00 PM,0,0,0.101888863,0,13,0,0,0,290
1,26,22-03-2020,Uttar Pradesh,Other,6:00 PM,0,33.333333333,0.211615330,33.333333333,27,9,0,0,291
0,3,22-03-2020,Uttarakhand,Other,6:00 PM,0,0,0.023512814,0,3,0,0,0,292
0,4,22-03-2020,West Bengal,Other,6:00 PM,0,0,0.031350419,0,4,0,0,0,293
0,7,23-03-2020,Andhra Pradesh,Other,6:00 PM,0,0,0.054863234,0,7,0,0,0,294
0,2,23-03-2020,Bihar,Other,6:00 PM,50,0,0.015675210,0,2,0,50,1,295
0,1,23-03-2020,Chhattisgarh,Other,6:00 PM,0,0,0.007837605,0,1,0,0,0,296
1,28,23-03-2020,Delhi,Other,6:00 PM,3.448275862,17.241379310,0.227290540,17.241379310,29,5,3.448275862,1,297
0,29,23-03-2020,Gujarat,Other,6:00 PM,3.448275862,0,0.227290540,0,29,0,3.448275862,1,298
14,12,23-03-2020,Haryana,Other,6:00 PM,0,0,0.203777726,0,26,0,0,0,299
0,2,23-03-2020,Himachal Pradesh,Other,6:00 PM,0,0,0.015675210,0,2,0,0,0,300
0,33,23-03-2020,Karnataka,Other,6:00 PM,3.030303030,6.060606061,0.258640959,6.060606061,33,2,3.030303030,1,301
7,60,23-03-2020,Kerala,Other,6:00 PM,0,4.477611940,0.525119523,4.477611940,67,3,0,0,302
0,6,23-03-2020,Madhya Pradesh,Other,6:00 PM,0,0,0.047025629,0,6,0,0,0,303
3,71,23-03-2020,Maharashtra,Maharashtra,6:00 PM,2.702702703,0,0.579982757,0,74,0,2.702702703,2,304
0,2,23-03-2020,Odisha,Other,6:00 PM,0,0,0.015675210,0,2,0,0,0,305
0,1,23-03-2020,Puducherry,Other,6:00 PM,0,0,0.007837605,0,1,0,0,0,306
0,21,23-03-2020,Punjab,Other,6:00 PM,4.761904762,0,0.164589701,0,21,0,4.761904762,1,307
2,26,23-03-2020,Rajasthan,Other,6:00 PM,0,10.714285714,0.219452935,10.714285714,28,3,0,0,308
2,7,23-03-2020,Tamil Nadu,Other,6:00 PM,0,11.111111111,0.070538443,11.111111111,9,1,0,0,309
10,22,23-03-2020,Telengana,Other,6:00 PM,0,3.125,0.250803354,3.125,32,1,0,0,310
0,6,23-03-2020,Chandigarh,Other,6:00 PM,0,0,0.047025629,0,6,0,0,0,311
0,4,23-03-2020,Jammu and Kashmir,Other,6:00 PM,0,0,0.031350419,0,4,0,0,0,312
0,13,23-03-2020,Ladakh,Other,6:00 PM,0,0,0.101888863,0,13,0,0,0,313
1,30,23-03-2020,Uttar Pradesh,Other,6:00 PM,0,29.032258065,0.242965750,29.032258065,31,9,0,0,314
0,3,23-03-2020,Uttarakhand,Other,6:00 PM,0,0,0.023512814,0,3,0,0,0,315
0,7,23-03-2020,West Bengal,Other,6:00 PM,0,0,0.054863234,0,7,0,0,0,316
0,8,24-03-2020,Andhra Pradesh,Other,6:00 PM,0,0,0.062700839,0,8,0,0,0,317
0,3,24-03-2020,Bihar,Other,6:00 PM,33.333333333,0,0.023512814,0,3,0,33.333333333,1,318
0,1,24-03-2020,Chhattisgarh,Other,6:00 PM,0,0,0.007837605,0,1,0,0,0,319
1,29,24-03-2020,Delhi,Other,6:00 PM,3.333333333,20,0.235128145,20,30,6,3.333333333,1,320
1,32,24-03-2020,Gujarat,Other,6:00 PM,3.030303030,0,0.258640959,0,33,0,3.030303030,1,321
14,14,24-03-2020,Haryana,Other,6:00 PM,0,39.285714286,0.219452935,39.285714286,28,11,0,0,322
0,3,24-03-2020,Himachal Pradesh,Other,6:00 PM,33.333333333,0,0.023512814,0,3,0,33.333333333,1,323
0,37,24-03-2020,Karnataka,Other,6:00 PM,2.702702703,8.108108108,0.289991379,8.108108108,37,3,2.702702703,1,324
8,87,24-03-2020,Kerala,Other,6:00 PM,0,4.210526316,0.744572459,4.210526316,95,4,0,0,325
0,7,24-03-2020,Madhya Pradesh,Other,6:00 PM,0,0,0.054863234,0,7,0,0,0,326
3,86,24-03-2020,Maharashtra,Maharashtra,6:00 PM,2.247191011,0,0.697546830,0,89,0,2.247191011,2,327
0,1,24-03-2020,Manipur,Other,6:00 PM,0,0,0.007837605,0,1,0,0,0,328
0,2,24-03-2020,Odisha,Other,6:00 PM,0,0,0.015675210,0,2,0,0,0,329
0,1,24-03-2020,Puducherry,Other,6:00 PM,0,0,0.007837605,0,1,0,0,0,330
0,29,24-03-2020,Punjab,Other,6:00 PM,3.448275862,0,0.227290540,0,29,0,3.448275862,1,331
2,30,24-03-2020,Rajasthan,Other,6:00 PM,0,9.375,0.250803354,9.375,32,3,0,0,332
2,13,24-03-2020,Tamil Nadu,Other,6:00 PM,0,6.666666667,0.117564072,6.666666667,15,1,0,0,333
10,25,24-03-2020,Telengana,Other,6:00 PM,0,2.857142857,0.274316169,2.857142857,35,1,0,0,334
0,7,24-03-2020,Chandigarh,Other,6:00 PM,0,0,0.054863234,0,7,0,0,0,335
0,4,24-03-2020,Jammu and Kashmir,Other,6:00 PM,0,0,0.031350419,0,4,0,0,0,336
0,13,24-03-2020,Ladakh,Other,6:00 PM,0,0,0.101888863,0,13,0,0,0,337
1,32,24-03-2020,Uttar Pradesh,Other,6:00 PM,0,33.333333333,0.258640959,33.333333333,33,11,0,0,338
1,3,24-03-2020,Uttarakhand,Other,6:00 PM,0,0,0.031350419,0,4,0,0,0,339
0,9,24-03-2020,West Bengal,Other,6:00 PM,11.111111111,0,0.070538443,0,9,0,11.111111111,1,340
0,9,25-03-2020,Andhra Pradesh,Other,6:00 PM,0,11.111111111,0.070538443,11.111111111,9,1,0,0,341
0,4,25-03-2020,Bihar,Other,6:00 PM,25,0,0.031350419,0,4,0,25,1,342
0,1,25-03-2020,Chhattisgarh,Other,6:00 PM,0,0,0.007837605,0,1,0,0,0,343
1,30,25-03-2020,Delhi,Other,6:00 PM,3.225806452,19.354838710,0.242965750,19.354838710,31,6,3.225806452,1,344
1,37,25-03-2020,Gujarat,Other,6:00 PM,2.631578947,0,0.297828983,0,38,0,2.631578947,1,345
14,14,25-03-2020,Haryana,Other,6:00 PM,0,39.285714286,0.219452935,39.285714286,28,11,0,0,346
0,3,25-03-2020,Himachal Pradesh,Other,6:00 PM,33.333333333,0,0.023512814,0,3,0,33.333333333,1,347
0,41,25-03-2020,Karnataka,Other,6:00 PM,2.439024390,7.317073171,0.321341798,7.317073171,41,3,2.439024390,1,348
8,101,25-03-2020,Kerala,Other,6:00 PM,0,3.669724771,0.854298926,3.669724771,109,4,0,0,349
0,14,25-03-2020,Madhya Pradesh,Other,6:00 PM,0,0,0.109726468,0,14,0,0,0,350
3,125,25-03-2020,Maharashtra,Maharashtra,6:00 PM,2.34375,0.78125,1.003213418,0.78125,128,1,2.34375,3,351
0,1,25-03-2020,Manipur,Other,6:00 PM,0,0,0.007837605,0,1,0,0,0,352
0,1,25-03-2020,Mizoram,Other,6:00 PM,0,0,0.007837605,0,1,0,0,0,353
0,2,25-03-2020,Odisha,Other,6:00 PM,0,0,0.015675210,0,2,0,0,0,354
0,1,25-03-2020,Puducherry,Other,6:00 PM,0,0,0.007837605,0,1,0,0,0,355
0,29,25-03-2020,Punjab,Other,6:00 PM,3.448275862,0,0.227290540,0,29,0,3.448275862,1,356
2,34,25-03-2020,Rajasthan,Other,6:00 PM,0,8.333333333,0.282153774,8.333333333,36,3,0,0,357
2,16,25-03-2020,Tamil Nadu,Other,6:00 PM,0,5.555555556,0.141076887,5.555555556,18,1,0,0,358
10,25,25-03-2020,Telengana,Other,6:00 PM,0,2.857142857,0.274316169,2.857142857,35,1,0,0,359
0,7,25-03-2020,Chandigarh,Other,6:00 PM,0,0,0.054863234,0,7,0,0,0,360
0,7,25-03-2020,Jammu and Kashmir,Other,6:00 PM,0,14.285714286,0.054863234,14.285714286,7,1,0,0,361
0,13,25-03-2020,Ladakh,Other,6:00 PM,0,0,0.101888863,0,13,0,0,0,362
1,36,25-03-2020,Uttar Pradesh,Other,6:00 PM,0,29.729729730,0.289991379,29.729729730,37,11,0,0,363
1,3,25-03-2020,Uttarakhand,Other,6:00 PM,0,0,0.031350419,0,4,0,0,0,364
0,9,25-03-2020,West Bengal,Other,6:00 PM,11.111111111,0,0.070538443,0,9,0,11.111111111,1,365
0,1,26-03-2020,Andaman and Nicobar Islands,Other,6:00 PM,0,0,0.007837605,0,1,0,0,0,366
0,11,26-03-2020,Andhra Pradesh,Other,6:00 PM,0,9.090909091,0.086213653,9.090909091,11,1,0,0,367
0,6,26-03-2020,Bihar,Other,6:00 PM,16.666666667,0,0.047025629,0,6,0,16.666666667,1,368
0,7,26-03-2020,Chandigarh,Other,6:00 PM,0,0,0.054863234,0,7,0,0,0,369
0,6,26-03-2020,Chhattisgarh,Other,6:00 PM,0,0,0.047025629,0,6,0,0,0,370
1,35,26-03-2020,Delhi,Other,6:00 PM,2.777777778,16.666666667,0.282153774,16.666666667,36,6,2.777777778,1,371
0,3,26-03-2020,Goa,Other,6:00 PM,0,0,0.023512814,0,3,0,0,0,372
1,42,26-03-2020,Gujarat,Other,6:00 PM,6.976744186,0,0.337017008,0,43,0,6.976744186,3,373
14,16,26-03-2020,Haryana,Other,6:00 PM,0,36.666666667,0.235128145,36.666666667,30,11,0,0,374
0,3,26-03-2020,Himachal Pradesh,Other,6:00 PM,33.333333333,0,0.023512814,0,3,0,33.333333333,1,375
0,13,26-03-2020,Jammu and Kashmir,Other,6:00 PM,0,7.692307692,0.101888863,7.692307692,13,1,0,0,376
0,55,26-03-2020,Karnataka,Other,6:00 PM,3.636363636,5.454545455,0.431068266,5.454545455,55,3,3.636363636,2,377
8,110,26-03-2020,Kerala,Other,6:00 PM,0,5.084745763,0.924837370,5.084745763,118,6,0,0,378
0,13,26-03-2020,Ladakh,Other,6:00 PM,0,0,0.101888863,0,13,0,0,0,379
0,20,26-03-2020,Madhya Pradesh,Other,6:00 PM,5,0,0.156752097,0,20,0,5,1,380
3,121,26-03-2020,Maharashtra,Maharashtra,6:00 PM,2.419354839,0.806451613,0.971862999,0.806451613,124,1,2.419354839,3,381
0,1,26-03-2020,Manipur,Other,6:00 PM,0,0,0.007837605,0,1,0,0,0,382
0,1,26-03-2020,Mizoram,Other,6:00 PM,0,0,0.007837605,0,1,0,0,0,383
0,2,26-03-2020,Odisha,Other,6:00 PM,0,0,0.015675210,0,2,0,0,0,384
0,1,26-03-2020,Puducherry,Other,6:00 PM,0,0,0.007837605,0,1,0,0,0,385
0,33,26-03-2020,Punjab,Other,6:00 PM,3.030303030,0,0.258640959,0,33,0,3.030303030,1,386
2,39,26-03-2020,Rajasthan,Other,6:00 PM,0,7.317073171,0.321341798,7.317073171,41,3,0,0,387
6,20,26-03-2020,Tamil Nadu,Other,6:00 PM,3.846153846,3.846153846,0.203777726,3.846153846,26,1,3.846153846,1,388
10,34,26-03-2020,Telengana,Other,6:00 PM,0,2.272727273,0.344854612,2.272727273,44,1,0,0,389
1,4,26-03-2020,Uttarakhand,Other,6:00 PM,0,0,0.039188024,0,5,0,0,0,390
1,40,26-03-2020,Uttar Pradesh,Other,6:00 PM,0,26.829268293,0.321341798,26.829268293,41,11,0,0,391
0,10,26-03-2020,West Bengal,Other,6:00 PM,10,0,0.078376048,0,10,0,10,1,392
0,1,27-03-2020,Andaman and Nicobar Islands,Other,10:00 AM,0,0,0.007837605,0,1,0,0,0,393
0,12,27-03-2020,Andhra Pradesh,Other,10:00 AM,0,8.333333333,0.094051258,8.333333333,12,1,0,0,394
0,6,27-03-2020,Bihar,Other,10:00 AM,16.666666667,0,0.047025629,0,6,0,16.666666667,1,395
0,7,27-03-2020,Chandigarh,Other,10:00 AM,0,0,0.054863234,0,7,0,0,0,396
0,6,27-03-2020,Chhattisgarh,Other,10:00 AM,0,0,0.047025629,0,6,0,0,0,397
1,35,27-03-2020,Delhi,Other,10:00 AM,2.777777778,16.666666667,0.282153774,16.666666667,36,6,2.777777778,1,398
0,3,27-03-2020,Goa,Other,10:00 AM,0,0,0.023512814,0,3,0,0,0,399
1,42,27-03-2020,Gujarat,Other,10:00 AM,6.976744186,0,0.337017008,0,43,0,6.976744186,3,400
14,16,27-03-2020,Haryana,Other,10:00 AM,0,36.666666667,0.235128145,36.666666667,30,11,0,0,401
0,3,27-03-2020,Himachal Pradesh,Other,10:00 AM,33.333333333,0,0.023512814,0,3,0,33.333333333,1,402
0,13,27-03-2020,Jammu and Kashmir,Other,10:00 AM,7.692307692,7.692307692,0.101888863,7.692307692,13,1,7.692307692,1,403
0,55,27-03-2020,Karnataka,Other,10:00 AM,3.636363636,5.454545455,0.431068266,5.454545455,55,3,3.636363636,2,404
8,129,27-03-2020,Kerala,Other,10:00 AM,0,8.029197080,1.073751861,8.029197080,137,11,0,0,405
0,13,27-03-2020,Ladakh,Other,10:00 AM,0,23.076923077,0.101888863,23.076923077,13,3,0,0,406
0,20,27-03-2020,Madhya Pradesh,Other,10:00 AM,5,0,0.156752097,0,20,0,5,1,407
3,127,27-03-2020,Maharashtra,Maharashtra,10:00 AM,3.076923077,11.538461538,1.018888628,11.538461538,130,15,3.076923077,4,408
0,1,27-03-2020,Manipur,Other,10:00 AM,0,0,0.007837605,0,1,0,0,0,409
0,1,27-03-2020,Mizoram,Other,10:00 AM,0,0,0.007837605,0,1,0,0,0,410
0,2,27-03-2020,Odisha,Other,10:00 AM,0,0,0.015675210,0,2,0,0,0,411
0,1,27-03-2020,Puducherry,Other,10:00 AM,0,0,0.007837605,0,1,0,0,0,412
0,33,27-03-2020,Punjab,Other,10:00 AM,3.030303030,0,0.258640959,0,33,0,3.030303030,1,413
2,39,27-03-2020,Rajasthan,Other,10:00 AM,0,7.317073171,0.321341798,7.317073171,41,3,0,0,414
6,23,27-03-2020,Tamil Nadu,Other,10:00 AM,3.448275862,3.448275862,0.227290540,3.448275862,29,1,3.448275862,1,415
10,35,27-03-2020,Telengana,Other,10:00 AM,0,2.222222222,0.352692217,2.222222222,45,1,0,0,416
1,4,27-03-2020,Uttarakhand,Other,10:00 AM,0,0,0.039188024,0,5,0,0,0,417
1,40,27-03-2020,Uttar Pradesh,Other,10:00 AM,0,26.829268293,0.321341798,26.829268293,41,11,0,0,418
0,10,27-03-2020,West Bengal,Other,10:00 AM,10,0,0.078376048,0,10,0,10,1,419
0,14,28-03-2020,Andhra Pradesh,Other,6:00 PM,0,7.142857143,0.109726468,7.142857143,14,1,0,0,420
0,6,28-03-2020,Andaman and Nicobar Islands,Other,6:00 PM,0,0,0.047025629,0,6,0,0,0,421
0,9,28-03-2020,Bihar,Other,6:00 PM,11.111111111,0,0.070538443,0,9,0,11.111111111,1,422
0,8,28-03-2020,Chandigarh,Other,6:00 PM,0,0,0.062700839,0,8,0,0,0,423
0,6,28-03-2020,Chhattisgarh,Other,6:00 PM,0,0,0.047025629,0,6,0,0,0,424
1,38,28-03-2020,Delhi,Other,6:00 PM,2.564102564,15.384615385,0.305666588,15.384615385,39,6,2.564102564,1,425
0,3,28-03-2020,Goa,Other,6:00 PM,0,0,0.023512814,0,3,0,0,0,426
1,44,28-03-2020,Gujarat,Other,6:00 PM,6.666666667,0,0.352692217,0,45,0,6.666666667,3,427
14,19,28-03-2020,Haryana,Other,6:00 PM,0,36.363636364,0.258640959,36.363636364,33,12,0,0,428
0,3,28-03-2020,Himachal Pradesh,Other,6:00 PM,33.333333333,0,0.023512814,0,3,0,33.333333333,1,429
0,20,28-03-2020,Jammu and Kashmir,Other,6:00 PM,5,5,0.156752097,5,20,1,5,1,430
0,55,28-03-2020,Karnataka,Other,6:00 PM,3.636363636,5.454545455,0.431068266,5.454545455,55,3,3.636363636,2,431
8,168,28-03-2020,Kerala,Other,6:00 PM,0,6.25,1.379418450,6.25,176,11,0,0,432
0,13,28-03-2020,Ladakh,Other,6:00 PM,0,23.076923077,0.101888863,23.076923077,13,3,0,0,433
0,30,28-03-2020,Madhya Pradesh,Other,6:00 PM,6.666666667,0,0.235128145,0,30,0,6.666666667,2,434
3,177,28-03-2020,Maharashtra,Maharashtra,6:00 PM,2.777777778,13.888888889,1.410768869,13.888888889,180,25,2.777777778,5,435
0,1,28-03-2020,Manipur,Other,6:00 PM,0,0,0.007837605,0,1,0,0,0,436
0,1,28-03-2020,Mizoram,Other,6:00 PM,0,0,0.007837605,0,1,0,0,0,437
0,3,28-03-2020,Odisha,Other,6:00 PM,0,0,0.023512814,0,3,0,0,0,438
0,1,28-03-2020,Puducherry,Other,6:00 PM,0,0,0.007837605,0,1,0,0,0,439
0,38,28-03-2020,Punjab,Other,6:00 PM,2.631578947,2.631578947,0.297828983,2.631578947,38,1,2.631578947,1,440
2,52,28-03-2020,Rajasthan,Other,6:00 PM,0,5.555555556,0.423230661,5.555555556,54,3,0,0,441
6,34,28-03-2020,Tamil Nadu,Other,6:00 PM,2.5,5,0.313504193,5,40,2,2.5,1,442
10,46,28-03-2020,Telengana,Other,6:00 PM,0,1.785714286,0.438905870,1.785714286,56,1,0,0,443
1,4,28-03-2020,Uttarakhand,Other,6:00 PM,0,0,0.039188024,0,5,0,0,0,444
1,54,28-03-2020,Uttar Pradesh,Other,6:00 PM,0,20,0.431068266,20,55,11,0,0,445
0,15,28-03-2020,West Bengal,Other,6:00 PM,6.666666667,0,0.117564072,0,15,0,6.666666667,1,446
-,-,29-03-2020,Andhra Pradesh,Other,7:30 PM,0,5.263157895,0.148914492,5.263157895,19,1,0,0,447
-,-,29-03-2020,Andaman and Nicobar Islands,Other,7:30 PM,0,0,0.070538443,0,9,0,0,0,448
-,-,29-03-2020,Bihar,Other,7:30 PM,9.090909091,0,0.086213653,0,11,0,9.090909091,1,449
-,-,29-03-2020,Chandigarh,Other,7:30 PM,0,0,0.062700839,0,8,0,0,0,450
-,-,29-03-2020,Chhattisgarh,Other,7:30 PM,0,0,0.054863234,0,7,0,0,0,451
-,-,29-03-2020,Delhi,Other,7:30 PM,4.081632653,12.244897959,0.384042637,12.244897959,49,6,4.081632653,2,452
-,-,29-03-2020,Goa,Other,7:30 PM,0,0,0.039188024,0,5,0,0,0,453
-,-,29-03-2020,Gujarat,Other,7:30 PM,8.620689655,1.724137931,0.454581080,1.724137931,58,1,8.620689655,5,454
-,-,29-03-2020,Haryana,Other,7:30 PM,0,51.515151515,0.258640959,51.515151515,33,17,0,0,455
-,-,29-03-2020,Himachal Pradesh,Other,7:30 PM,33.333333333,0,0.023512814,0,3,0,33.333333333,1,456
-,-,29-03-2020,Jammu and Kashmir,Other,7:30 PM,6.451612903,3.225806452,0.242965750,3.225806452,31,1,6.451612903,2,457
-,-,29-03-2020,Karnataka,Other,7:30 PM,3.947368421,6.578947368,0.595657967,6.578947368,76,5,3.947368421,3,458
-,-,29-03-2020,Kerala,Other,7:30 PM,0.549450549,8.241758242,1.426444079,8.241758242,182,15,0.549450549,1,459
-,-,29-03-2020,Ladakh,Other,7:30 PM,0,23.076923077,0.101888863,23.076923077,13,3,0,0,460
-,-,29-03-2020,Madhya Pradesh,Other,7:30 PM,6.666666667,0,0.235128145,0,30,0,6.666666667,2,461
-,-,29-03-2020,Maharashtra,Maharashtra,7:30 PM,3.225806452,13.440860215,1.457794498,13.440860215,186,25,3.225806452,6,462
-,-,29-03-2020,Manipur,Other,7:30 PM,0,0,0.007837605,0,1,0,0,0,463
-,-,29-03-2020,Mizoram,Other,7:30 PM,0,0,0.007837605,0,1,0,0,0,464
-,-,29-03-2020,Odisha,Other,7:30 PM,0,0,0.023512814,0,3,0,0,0,465
-,-,29-03-2020,Puducherry,Other,7:30 PM,0,0,0.007837605,0,1,0,0,0,466
-,-,29-03-2020,Punjab,Other,7:30 PM,2.631578947,2.631578947,0.297828983,2.631578947,38,1,2.631578947,1,467
-,-,29-03-2020,Rajasthan,Other,7:30 PM,0,5.454545455,0.431068266,5.454545455,55,3,0,0,468
-,-,29-03-2020,Tamil Nadu,Other,7:30 PM,2.040816327,8.163265306,0.384042637,8.163265306,49,4,2.040816327,1,469
-,-,29-03-2020,Telengana,Other,7:30 PM,1.515151515,1.515151515,0.517281919,1.515151515,66,1,1.515151515,1,470
-,-,29-03-2020,Uttarakhand,Other,7:30 PM,0,28.571428571,0.054863234,28.571428571,7,2,0,0,471
-,-,29-03-2020,Uttar Pradesh,Other,7:30 PM,0,16.923076923,0.509444314,16.923076923,65,11,0,0,472
-,-,29-03-2020,West Bengal,Other,7:30 PM,5.555555556,0,0.141076887,0,18,0,5.555555556,1,473
-,-,30-03-2020,Andhra Pradesh,Other,9:30 PM,0,4.347826087,0.180264911,4.347826087,23,1,0,0,474
-,-,30-03-2020,Andaman and Nicobar Islands,Other,9:30 PM,0,0,0.070538443,0,9,0,0,0,475
-,-,30-03-2020,Bihar,Other,9:30 PM,6.666666667,0,0.117564072,0,15,0,6.666666667,1,476
-,-,30-03-2020,Chandigarh,Other,9:30 PM,0,0,0.062700839,0,8,0,0,0,477
-,-,30-03-2020,Chhattisgarh,Other,9:30 PM,0,0,0.054863234,0,7,0,0,0,478
-,-,30-03-2020,Delhi,Other,9:30 PM,2.298850575,6.896551724,0.681871620,6.896551724,87,6,2.298850575,2,479
-,-,30-03-2020,Goa,Other,9:30 PM,0,0,0.039188024,0,5,0,0,0,480
-,-,30-03-2020,Gujarat,Other,9:30 PM,8.695652174,1.449275362,0.540794733,1.449275362,69,1,8.695652174,6,481
-,-,30-03-2020,Haryana,Other,9:30 PM,0,50,0.282153774,50,36,18,0,0,482
-,-,30-03-2020,Himachal Pradesh,Other,9:30 PM,33.333333333,0,0.023512814,0,3,0,33.333333333,1,483
-,-,30-03-2020,Jammu and Kashmir,Other,9:30 PM,4.166666667,4.166666667,0.376205032,4.166666667,48,2,4.166666667,2,484
-,-,30-03-2020,Karnataka,Other,9:30 PM,3.614457831,6.024096386,0.650521201,6.024096386,83,5,3.614457831,3,485
-,-,30-03-2020,Kerala,Other,9:30 PM,0.495049505,9.405940594,1.583196175,9.405940594,202,19,0.495049505,1,486
-,-,30-03-2020,Ladakh,Other,9:30 PM,0,23.076923077,0.101888863,23.076923077,13,3,0,0,487
-,-,30-03-2020,Madhya Pradesh,Other,9:30 PM,6.382978723,0,0.368367427,0,47,0,6.382978723,3,488
-,-,30-03-2020,Maharashtra,Maharashtra,9:30 PM,4.040404040,12.626262626,1.551845756,12.626262626,198,25,4.040404040,8,489
-,-,30-03-2020,Manipur,Other,9:30 PM,0,0,0.007837605,0,1,0,0,0,490
-,-,30-03-2020,Mizoram,Other,9:30 PM,0,0,0.007837605,0,1,0,0,0,491
-,-,30-03-2020,Odisha,Other,9:30 PM,0,0,0.023512814,0,3,0,0,0,492
-,-,30-03-2020,Puducherry,Other,9:30 PM,0,0,0.007837605,0,1,0,0,0,493
-,-,30-03-2020,Punjab,Other,9:30 PM,2.631578947,2.631578947,0.297828983,2.631578947,38,1,2.631578947,1,494
-,-,30-03-2020,Rajasthan,Other,9:30 PM,0,5.084745763,0.462418685,5.084745763,59,3,0,0,495
-,-,30-03-2020,Tamil Nadu,Other,9:30 PM,1.492537313,5.970149254,0.525119523,5.970149254,67,4,1.492537313,1,496
-,-,30-03-2020,Telengana,Other,9:30 PM,1.408450704,1.408450704,0.556469943,1.408450704,71,1,1.408450704,1,497
-,-,30-03-2020,Uttarakhand,Other,9:30 PM,0,28.571428571,0.054863234,28.571428571,7,2,0,0,498
-,-,30-03-2020,Uttar Pradesh,Other,9:30 PM,0,13.414634146,0.642683596,13.414634146,82,11,0,0,499
-,-,30-03-2020,West Bengal,Other,9:30 PM,4.545454545,0,0.172427306,0,22,0,4.545454545,1,500
-,-,30-03-2020,Unassigned,Other,9:30 PM,0,0,0.360529822,0,46,0,0,0,501
-,-,31-03-2020,Andhra Pradesh,Other,8:30 PM,0,2.5,0.313504193,2.5,40,1,0,0,502
-,-,31-03-2020,Andaman and Nicobar Islands,Other,8:30 PM,0,0,0.078376048,0,10,0,0,0,503
-,-,31-03-2020,Bihar,Other,8:30 PM,6.666666667,0,0.117564072,0,15,0,6.666666667,1,504
-,-,31-03-2020,Chandigarh,Other,8:30 PM,0,0,0.101888863,0,13,0,0,0,505
-,-,31-03-2020,Chhattisgarh,Other,8:30 PM,0,0,0.062700839,0,8,0,0,0,506
-,-,31-03-2020,Delhi,Other,8:30 PM,2.061855670,6.185567010,0.760247668,6.185567010,97,6,2.061855670,2,507
-,-,31-03-2020,Goa,Other,8:30 PM,0,0,0.039188024,0,5,0,0,0,508
-,-,31-03-2020,Gujarat,Other,8:30 PM,8.219178082,4.109589041,0.572145152,4.109589041,73,3,8.219178082,6,509
-,-,31-03-2020,Haryana,Other,8:30 PM,0,52.5,0.313504193,52.5,40,21,0,0,510
-,-,31-03-2020,Himachal Pradesh,Other,8:30 PM,33.333333333,0,0.023512814,0,3,0,33.333333333,1,511
-,-,31-03-2020,Jammu and Kashmir,Other,8:30 PM,3.703703704,3.703703704,0.423230661,3.703703704,54,2,3.703703704,2,512
-,-,31-03-2020,Karnataka,Other,8:30 PM,3.614457831,6.024096386,0.650521201,6.024096386,83,5,3.614457831,3,513
-,-,31-03-2020,Kerala,Other,8:30 PM,0.427350427,8.119658120,1.833999530,8.119658120,234,19,0.427350427,1,514
-,-,31-03-2020,Ladakh,Other,8:30 PM,0,23.076923077,0.101888863,23.076923077,13,3,0,0,515
-,-,31-03-2020,Madhya Pradesh,Other,8:30 PM,6.382978723,0,0.368367427,0,47,0,6.382978723,3,516
-,-,31-03-2020,Maharashtra,Maharashtra,8:30 PM,4.166666667,18.055555556,1.692922643,18.055555556,216,39,4.166666667,9,517
-,-,31-03-2020,Manipur,Other,8:30 PM,0,0,0.007837605,0,1,0,0,0,518
-,-,31-03-2020,Mizoram,Other,8:30 PM,0,0,0.007837605,0,1,0,0,0,519
-,-,31-03-2020,Odisha,Other,8:30 PM,0,0,0.023512814,0,3,0,0,0,520
-,-,31-03-2020,Puducherry,Other,8:30 PM,0,0,0.007837605,0,1,0,0,0,521
-,-,31-03-2020,Punjab,Other,8:30 PM,7.317073171,2.439024390,0.321341798,2.439024390,41,1,7.317073171,3,522
-,-,31-03-2020,Rajasthan,Other,8:30 PM,0,4.054054054,0.579982757,4.054054054,74,3,0,0,523
-,-,31-03-2020,Tamil Nadu,Other,8:30 PM,1.351351351,5.405405405,0.579982757,5.405405405,74,4,1.351351351,1,524
-,-,31-03-2020,Telengana,Other,8:30 PM,1.265822785,1.265822785,0.619170781,1.265822785,79,1,1.265822785,1,525
-,-,31-03-2020,Uttarakhand,Other,8:30 PM,0,28.571428571,0.054863234,28.571428571,7,2,0,0,526
-,-,31-03-2020,Uttar Pradesh,Other,8:30 PM,0,13.861386139,0.791598088,13.861386139,101,14,0,0,527
-,-,31-03-2020,West Bengal,Other,8:30 PM,7.692307692,0,0.203777726,0,26,0,7.692307692,2,528
-,-,31-03-2020,Unassigned,Other,8:30 PM,0,0,0.297828983,0,38,0,0,0,529
-,-,01-04-2020,Andhra Pradesh,Other,7:30 PM,0,1.204819277,0.650521201,1.204819277,83,1,0,0,530
-,-,01-04-2020,Andaman and Nicobar Islands,Other,7:30 PM,0,0,0.078376048,0,10,0,0,0,531
-,-,01-04-2020,Assam,Other,7:30 PM,0,0,0.007837605,0,1,0,0,0,532
-,-,01-04-2020,Bihar,Other,7:30 PM,4.347826087,0,0.180264911,0,23,0,4.347826087,1,533
-,-,01-04-2020,Chandigarh,Other,7:30 PM,0,0,0.125401677,0,16,0,0,0,534
-,-,01-04-2020,Chhattisgarh,Other,7:30 PM,0,22.222222222,0.070538443,22.222222222,9,2,0,0,535
-,-,01-04-2020,Delhi,Other,7:30 PM,1.315789474,3.947368421,1.191315934,3.947368421,152,6,1.315789474,2,536
-,-,01-04-2020,Goa,Other,7:30 PM,0,0,0.039188024,0,5,0,0,0,537
-,-,01-04-2020,Gujarat,Other,7:30 PM,7.317073171,6.097560976,0.642683596,6.097560976,82,5,7.317073171,6,538
-,-,01-04-2020,Haryana,Other,7:30 PM,0,48.837209302,0.337017008,48.837209302,43,21,0,0,539
-,-,01-04-2020,Himachal Pradesh,Other,7:30 PM,33.333333333,0,0.023512814,0,3,0,33.333333333,1,540
-,-,01-04-2020,Jammu and Kashmir,Other,7:30 PM,3.225806452,3.225806452,0.485931499,3.225806452,62,2,3.225806452,2,541
-,-,01-04-2020,Jharkhand,Other,7:30 PM,0,0,0.007837605,0,1,0,0,0,542
-,-,01-04-2020,Karnataka,Other,7:30 PM,2.970297030,7.920792079,0.791598088,7.920792079,101,8,2.970297030,3,543
-,-,01-04-2020,Kerala,Other,7:30 PM,0.829875519,9.543568465,1.888862764,9.543568465,241,23,0.829875519,2,544
-,-,01-04-2020,Ladakh,Other,7:30 PM,0,23.076923077,0.101888863,23.076923077,13,3,0,0,545
-,-,01-04-2020,Madhya Pradesh,Other,7:30 PM,4.545454545,0,0.517281919,0,66,0,4.545454545,3,546
-,-,01-04-2020,Maharashtra,Maharashtra,7:30 PM,2.980132450,12.913907285,2.366956658,12.913907285,302,39,2.980132450,9,547
-,-,01-04-2020,Manipur,Other,7:30 PM,0,0,0.007837605,0,1,0,0,0,548
-,-,01-04-2020,Mizoram,Other,7:30 PM,0,0,0.007837605,0,1,0,0,0,549
-,-,01-04-2020,Odisha,Other,7:30 PM,0,0,0.031350419,0,4,0,0,0,550
-,-,01-04-2020,Puducherry,Other,7:30 PM,0,33.333333333,0.023512814,33.333333333,3,1,0,0,551
-,-,01-04-2020,Punjab,Other,7:30 PM,7.142857143,2.380952381,0.329179403,2.380952381,42,1,7.142857143,3,552
-,-,01-04-2020,Rajasthan,Other,7:30 PM,0,3.225806452,0.728897249,3.225806452,93,3,0,0,553
-,-,01-04-2020,Tamil Nadu,Other,7:30 PM,0.427350427,2.564102564,1.833999530,2.564102564,234,6,0.427350427,1,554
-,-,01-04-2020,Telengana,Other,7:30 PM,3.125,1.041666667,0.752410063,1.041666667,96,1,3.125,3,555
-,-,01-04-2020,Uttarakhand,Other,7:30 PM,0,28.571428571,0.054863234,28.571428571,7,2,0,0,556
-,-,01-04-2020,Uttar Pradesh,Other,7:30 PM,1.941747573,13.592233010,0.807273297,13.592233010,103,14,1.941747573,2,557
-,-,01-04-2020,West Bengal,Other,7:30 PM,8.108108108,16.216216216,0.289991379,16.216216216,37,6,8.108108108,3,558
-,-,02-04-2020,Andhra Pradesh,Other,6:00 PM,1.162790698,1.162790698,0.674034015,1.162790698,86,1,1.162790698,1,559
-,-,02-04-2020,Andaman and Nicobar Islands,Other,6:00 PM,0,0,0.078376048,0,10,0,0,0,560
-,-,02-04-2020,Assam,Other,6:00 PM,0,0,0.039188024,0,5,0,0,0,561
-,-,02-04-2020,Bihar,Other,6:00 PM,4.166666667,0,0.188102516,0,24,0,4.166666667,1,562
-,-,02-04-2020,Chandigarh,Other,6:00 PM,0,0,0.125401677,0,16,0,0,0,563
-,-,02-04-2020,Chhattisgarh,Other,6:00 PM,0,22.222222222,0.070538443,22.222222222,9,2,0,0,564
-,-,02-04-2020,Delhi,Other,6:00 PM,1.826484018,3.652968037,1.716435457,3.652968037,219,8,1.826484018,4,565
-,-,02-04-2020,Goa,Other,6:00 PM,0,0,0.039188024,0,5,0,0,0,566
-,-,02-04-2020,Gujarat,Other,6:00 PM,8.045977011,9.195402299,0.681871620,9.195402299,87,8,8.045977011,7,567
-,-,02-04-2020,Haryana,Other,6:00 PM,0,48.837209302,0.337017008,48.837209302,43,21,0,0,568
-,-,02-04-2020,Himachal Pradesh,Other,6:00 PM,33.333333333,33.333333333,0.023512814,33.333333333,3,1,33.333333333,1,569
-,-,02-04-2020,Jammu and Kashmir,Other,6:00 PM,3.225806452,3.225806452,0.485931499,3.225806452,62,2,3.225806452,2,570
-,-,02-04-2020,Jharkhand,Other,6:00 PM,0,0,0.007837605,0,1,0,0,0,571
-,-,02-04-2020,Karnataka,Other,6:00 PM,2.727272727,8.181818182,0.862136531,8.181818182,110,9,2.727272727,3,572
-,-,02-04-2020,Kerala,Other,6:00 PM,0.754716981,9.433962264,2.076965279,9.433962264,265,25,0.754716981,2,573
-,-,02-04-2020,Ladakh,Other,6:00 PM,0,23.076923077,0.101888863,23.076923077,13,3,0,0,574
-,-,02-04-2020,Madhya Pradesh,Other,6:00 PM,6.060606061,0,0.775922878,0,99,0,6.060606061,6,575
-,-,02-04-2020,Maharashtra,Maharashtra,6:00 PM,3.880597015,12.537313433,2.625597617,12.537313433,335,42,3.880597015,13,576
-,-,02-04-2020,Manipur,Other,6:00 PM,0,0,0.007837605,0,1,0,0,0,577
-,-,02-04-2020,Mizoram,Other,6:00 PM,0,0,0.007837605,0,1,0,0,0,578
-,-,02-04-2020,Odisha,Other,6:00 PM,0,0,0.031350419,0,4,0,0,0,579
-,-,02-04-2020,Puducherry,Other,6:00 PM,0,33.333333333,0.023512814,33.333333333,3,1,0,0,580
-,-,02-04-2020,Punjab,Other,6:00 PM,8.695652174,2.173913043,0.360529822,2.173913043,46,1,8.695652174,4,581
-,-,02-04-2020,Rajasthan,Other,6:00 PM,0,2.777777778,0.846461321,2.777777778,108,3,0,0,582
-,-,02-04-2020,Tamil Nadu,Other,6:00 PM,0.427350427,2.564102564,1.833999530,2.564102564,234,6,0.427350427,1,583
-,-,02-04-2020,Telengana,Other,6:00 PM,2.803738318,0.934579439,0.838623717,0.934579439,107,1,2.803738318,3,584
-,-,02-04-2020,Uttarakhand,Other,6:00 PM,0,28.571428571,0.054863234,28.571428571,7,2,0,0,585
-,-,02-04-2020,Uttar Pradesh,Other,6:00 PM,1.769911504,12.389380531,0.885649346,12.389380531,113,14,1.769911504,2,586
-,-,02-04-2020,West Bengal,Other,6:00 PM,5.660377358,11.320754717,0.415393056,11.320754717,53,6,5.660377358,3,587
-,-,03-04-2020,Andhra Pradesh,Other,6:00 PM,0.757575758,0.757575758,1.034563837,0.757575758,132,1,0.757575758,1,588
-,-,03-04-2020,Andaman and Nicobar Islands,Other,6:00 PM,0,0,0.078376048,0,10,0,0,0,589
-,-,03-04-2020,Arunachal Pradesh,Other,6:00 PM,0,0,0.007837605,0,1,0,0,0,590
-,-,03-04-2020,Assam,Other,6:00 PM,0,0,0.125401677,0,16,0,0,0,591
-,-,03-04-2020,Bihar,Other,6:00 PM,3.448275862,0,0.227290540,0,29,0,3.448275862,1,592
-,-,03-04-2020,Chandigarh,Other,6:00 PM,0,0,0.141076887,0,18,0,0,0,593
-,-,03-04-2020,Chhattisgarh,Other,6:00 PM,0,33.333333333,0.070538443,33.333333333,9,3,0,0,594
-,-,03-04-2020,Delhi,Other,6:00 PM,1.826484018,3.652968037,1.716435457,3.652968037,219,8,1.826484018,4,595
-,-,03-04-2020,Goa,Other,6:00 PM,0,0,0.047025629,0,6,0,0,0,596
-,-,03-04-2020,Gujarat,Other,6:00 PM,8.421052632,10.526315789,0.744572459,10.526315789,95,10,8.421052632,8,597
-,-,03-04-2020,Haryana,Other,6:00 PM,0,48.979591837,0.384042637,48.979591837,49,24,0,0,598
-,-,03-04-2020,Himachal Pradesh,Other,6:00 PM,16.666666667,16.666666667,0.047025629,16.666666667,6,1,16.666666667,1,599
-,-,03-04-2020,Jammu and Kashmir,Other,6:00 PM,2.666666667,4,0.587820362,4,75,3,2.666666667,2,600
-,-,03-04-2020,Jharkhand,Other,6:00 PM,0,0,0.015675210,0,2,0,0,0,601
-,-,03-04-2020,Karnataka,Other,6:00 PM,2.419354839,8.064516129,0.971862999,8.064516129,124,10,2.419354839,3,602
-,-,03-04-2020,Kerala,Other,6:00 PM,0.699300699,9.440559441,2.241554981,9.440559441,286,27,0.699300699,2,603
-,-,03-04-2020,Ladakh,Other,6:00 PM,0,21.428571429,0.109726468,21.428571429,14,3,0,0,604
-,-,03-04-2020,Madhya Pradesh,Other,6:00 PM,5.769230769,0,0.815110902,0,104,0,5.769230769,6,605
-,-,03-04-2020,Maharashtra,Maharashtra,6:00 PM,4.776119403,12.537313433,2.625597617,12.537313433,335,42,4.776119403,16,606
-,-,03-04-2020,Manipur,Other,6:00 PM,0,0,0.015675210,0,2,0,0,0,607
-,-,03-04-2020,Mizoram,Other,6:00 PM,0,0,0.007837605,0,1,0,0,0,608
-,-,03-04-2020,Odisha,Other,6:00 PM,0,0,0.039188024,0,5,0,0,0,609
-,-,03-04-2020,Puducherry,Other,6:00 PM,0,20,0.039188024,20,5,1,0,0,610
-,-,03-04-2020,Punjab,Other,6:00 PM,10.416666667,2.083333333,0.376205032,2.083333333,48,1,10.416666667,5,611
-,-,03-04-2020,Rajasthan,Other,6:00 PM,0,1.796407186,1.308880006,1.796407186,167,3,0,0,612
-,-,03-04-2020,Tamil Nadu,Other,6:00 PM,0.323624595,1.941747573,2.421819892,1.941747573,309,6,0.323624595,1,613
-,-,03-04-2020,Telengana,Other,6:00 PM,4.430379747,0.632911392,1.238341563,0.632911392,158,1,4.430379747,7,614
-,-,03-04-2020,Uttarakhand,Other,6:00 PM,0,20,0.078376048,20,10,2,0,0,615
-,-,03-04-2020,Uttar Pradesh,Other,6:00 PM,1.162790698,8.139534884,1.348068030,8.139534884,172,14,1.162790698,2,616
-,-,03-04-2020,West Bengal,Other,6:00 PM,4.761904762,4.761904762,0.493769104,4.761904762,63,3,4.761904762,3,617
-,-,03-04-2020,Unassigned,Other,6:00 PM,0,0,0.603495572,0,77,0,0,0,618
-,-,04-04-2020,Andhra Pradesh,Other,6:00 PM,0.621118012,0.621118012,1.261854377,0.621118012,161,1,0.621118012,1,619
-,-,04-04-2020,Andaman and Nicobar Islands,Other,6:00 PM,0,0,0.078376048,0,10,0,0,0,620
-,-,04-04-2020,Arunachal Pradesh,Other,6:00 PM,0,0,0.007837605,0,1,0,0,0,621
-,-,04-04-2020,Assam,Other,6:00 PM,0,0,0.188102516,0,24,0,0,0,622
-,-,04-04-2020,Bihar,Other,6:00 PM,3.333333333,0,0.235128145,0,30,0,3.333333333,1,623
-,-,04-04-2020,Chandigarh,Other,6:00 PM,0,0,0.141076887,0,18,0,0,0,624
-,-,04-04-2020,Chhattisgarh,Other,6:00 PM,0,33.333333333,0.070538443,33.333333333,9,3,0,0,625
-,-,04-04-2020,Delhi,Other,6:00 PM,1.348314607,3.370786517,3.487734148,3.370786517,445,15,1.348314607,6,626
-,-,04-04-2020,Goa,Other,6:00 PM,0,0,0.054863234,0,7,0,0,0,627
-,-,04-04-2020,Gujarat,Other,6:00 PM,9.523809524,13.333333333,0.822948507,13.333333333,105,14,9.523809524,10,628
-,-,04-04-2020,Haryana,Other,6:00 PM,0,48.979591837,0.384042637,48.979591837,49,24,0,0,629
-,-,04-04-2020,Himachal Pradesh,Other,6:00 PM,16.666666667,16.666666667,0.047025629,16.666666667,6,1,16.666666667,1,630
-,-,04-04-2020,Jammu and Kashmir,Other,6:00 PM,2.666666667,4,0.587820362,4,75,3,2.666666667,2,631
-,-,04-04-2020,Jharkhand,Other,6:00 PM,0,0,0.015675210,0,2,0,0,0,632
-,-,04-04-2020,Karnataka,Other,6:00 PM,2.34375,9.375,1.003213418,9.375,128,12,2.34375,3,633
-,-,04-04-2020,Kerala,Other,6:00 PM,0.677966102,13.898305085,2.312093424,13.898305085,295,41,0.677966102,2,634
-,-,04-04-2020,Ladakh,Other,6:00 PM,0,21.428571429,0.109726468,21.428571429,14,3,0,0,635
-,-,04-04-2020,Madhya Pradesh,Other,6:00 PM,5.769230769,0,0.815110902,0,104,0,5.769230769,6,636
-,-,04-04-2020,Maharashtra,Maharashtra,6:00 PM,4.897959184,8.571428571,3.840426366,8.571428571,490,42,4.897959184,24,637
-,-,04-04-2020,Manipur,Other,6:00 PM,0,0,0.015675210,0,2,0,0,0,638
-,-,04-04-2020,Mizoram,Other,6:00 PM,0,0,0.007837605,0,1,0,0,0,639
-,-,04-04-2020,Odisha,Other,6:00 PM,0,0,0.039188024,0,5,0,0,0,640
-,-,04-04-2020,Puducherry,Other,6:00 PM,0,20,0.039188024,20,5,1,0,0,641
-,-,04-04-2020,Punjab,Other,6:00 PM,8.771929825,1.754385965,0.446743475,1.754385965,57,1,8.771929825,5,642
-,-,04-04-2020,Rajasthan,Other,6:00 PM,0,10.5,1.567520966,10.5,200,21,0,0,643
-,-,04-04-2020,Tamil Nadu,Other,6:00 PM,0.486618005,1.459854015,3.221255584,1.459854015,411,6,0.486618005,2,644
-,-,04-04-2020,Telengana,Other,6:00 PM,4.402515723,0.628930818,1.246179168,0.628930818,159,1,4.402515723,7,645
-,-,04-04-2020,Uttarakhand,Other,6:00 PM,0,12.5,0.125401677,12.5,16,2,0,0,646
-,-,04-04-2020,Uttar Pradesh,Other,6:00 PM,1.149425287,10.919540230,1.363743240,10.919540230,174,19,1.149425287,2,647
-,-,04-04-2020,West Bengal,Other,6:00 PM,4.347826087,4.347826087,0.540794733,4.347826087,69,3,4.347826087,3,648
-,-,05-04-2020,Andhra Pradesh,Other,6:00 PM,0.526315789,0.526315789,1.489144917,0.526315789,190,1,0.526315789,1,649
-,-,05-04-2020,Andaman and Nicobar Islands,Other,6:00 PM,0,0,0.078376048,0,10,0,0,0,650
-,-,05-04-2020,Arunachal Pradesh,Other,6:00 PM,0,0,0.007837605,0,1,0,0,0,651
-,-,05-04-2020,Assam,Other,6:00 PM,0,0,0.203777726,0,26,0,0,0,652
-,-,05-04-2020,Bihar,Other,6:00 PM,3.333333333,0,0.235128145,0,30,0,3.333333333,1,653
-,-,05-04-2020,Chandigarh,Other,6:00 PM,0,0,0.141076887,0,18,0,0,0,654
-,-,05-04-2020,Chhattisgarh,Other,6:00 PM,0,33.333333333,0.070538443,33.333333333,9,3,0,0,655
-,-,05-04-2020,Delhi,Other,6:00 PM,1.391650099,3.578528827,3.942315228,3.578528827,503,18,1.391650099,7,656
-,-,05-04-2020,Goa,Other,6:00 PM,0,0,0.054863234,0,7,0,0,0,657
-,-,05-04-2020,Gujarat,Other,6:00 PM,9.016393443,14.754098361,0.956187789,14.754098361,122,18,9.016393443,11,658
-,-,05-04-2020,Haryana,Other,6:00 PM,1.694915254,42.372881356,0.462418685,42.372881356,59,25,1.694915254,1,659
-,-,05-04-2020,Himachal Pradesh,Other,6:00 PM,16.666666667,16.666666667,0.047025629,16.666666667,6,1,16.666666667,1,660
-,-,05-04-2020,Jammu and Kashmir,Other,6:00 PM,1.886792453,3.773584906,0.830786112,3.773584906,106,4,1.886792453,2,661
-,-,05-04-2020,Jharkhand,Other,6:00 PM,0,0,0.023512814,0,3,0,0,0,662
-,-,05-04-2020,Karnataka,Other,6:00 PM,2.777777778,8.333333333,1.128615095,8.333333333,144,12,2.777777778,4,663
-,-,05-04-2020,Kerala,Other,6:00 PM,0.653594771,16.013071895,2.398307077,16.013071895,306,49,0.653594771,2,664
-,-,05-04-2020,Ladakh,Other,6:00 PM,0,71.428571429,0.109726468,71.428571429,14,10,0,0,665
-,-,05-04-2020,Madhya Pradesh,Other,6:00 PM,5.454545455,0,1.293204797,0,165,0,5.454545455,9,666
-,-,05-04-2020,Maharashtra,Maharashtra,6:00 PM,4.897959184,8.571428571,3.840426366,8.571428571,490,42,4.897959184,24,667
-,-,05-04-2020,Manipur,Other,6:00 PM,0,0,0.015675210,0,2,0,0,0,668
-,-,05-04-2020,Mizoram,Other,6:00 PM,0,0,0.007837605,0,1,0,0,0,669
-,-,05-04-2020,Odisha,Other,6:00 PM,0,0,0.156752097,0,20,0,0,0,670
-,-,05-04-2020,Puducherry,Other,6:00 PM,0,20,0.039188024,20,5,1,0,0,671
-,-,05-04-2020,Punjab,Other,6:00 PM,8.771929825,1.754385965,0.446743475,1.754385965,57,1,8.771929825,5,672
-,-,05-04-2020,Rajasthan,Other,6:00 PM,0,10.5,1.567520966,10.5,200,21,0,0,673
-,-,05-04-2020,Tamil Nadu,Other,6:00 PM,0.618556701,1.237113402,3.801238342,1.237113402,485,6,0.618556701,3,674
-,-,05-04-2020,Telengana,Other,6:00 PM,2.602230483,11.895910781,2.108315699,11.895910781,269,32,2.602230483,7,675
-,-,05-04-2020,Uttarakhand,Other,6:00 PM,0,9.090909091,0.172427306,9.090909091,22,2,0,0,676
-,-,05-04-2020,Uttar Pradesh,Other,6:00 PM,0.881057269,8.370044053,1.779136296,8.370044053,227,19,0.881057269,2,677
-,-,05-04-2020,West Bengal,Other,6:00 PM,3.75,12.5,0.627008386,12.5,80,10,3.75,3,678
-,-,06-04-2020,Andhra Pradesh,Other,6:00 PM,1.327433628,0.442477876,1.771298691,0.442477876,226,1,1.327433628,3,679
-,-,06-04-2020,Andaman and Nicobar Islands,Other,6:00 PM,0,0,0.078376048,0,10,0,0,0,680
-,-,06-04-2020,Arunachal Pradesh,Other,6:00 PM,0,0,0.007837605,0,1,0,0,0,681
-,-,06-04-2020,Assam,Other,6:00 PM,0,0,0.203777726,0,26,0,0,0,682
-,-,06-04-2020,Bihar,Other,6:00 PM,3.125,0,0.250803354,0,32,0,3.125,1,683
-,-,06-04-2020,Chandigarh,Other,6:00 PM,0,0,0.141076887,0,18,0,0,0,684
-,-,06-04-2020,Chhattisgarh,Other,6:00 PM,0,80,0.078376048,80,10,8,0,0,685
-,-,06-04-2020,Delhi,Other,6:00 PM,1.338432122,3.632887189,4.099067325,3.632887189,523,19,1.338432122,7,686
-,-,06-04-2020,Goa,Other,6:00 PM,0,0,0.054863234,0,7,0,0,0,687
-,-,06-04-2020,Gujarat,Other,6:00 PM,8.333333333,15.277777778,1.128615095,15.277777778,144,22,8.333333333,12,688
-,-,06-04-2020,Haryana,Other,6:00 PM,1.190476190,29.761904762,0.658358806,29.761904762,84,25,1.190476190,1,689
-,-,06-04-2020,Himachal Pradesh,Other,6:00 PM,7.692307692,15.384615385,0.101888863,15.384615385,13,2,7.692307692,1,690
-,-,06-04-2020,Jammu and Kashmir,Other,6:00 PM,1.834862385,3.669724771,0.854298926,3.669724771,109,4,1.834862385,2,691
-,-,06-04-2020,Jharkhand,Other,6:00 PM,0,0,0.031350419,0,4,0,0,0,692
-,-,06-04-2020,Karnataka,Other,6:00 PM,2.649006623,7.947019868,1.183478329,7.947019868,151,12,2.649006623,4,693
-,-,06-04-2020,Kerala,Other,6:00 PM,0.636942675,17.515923567,2.461007916,17.515923567,314,55,0.636942675,2,694
-,-,06-04-2020,Ladakh,Other,6:00 PM,0,71.428571429,0.109726468,71.428571429,14,10,0,0,695
-,-,06-04-2020,Madhya Pradesh,Other,6:00 PM,5.454545455,0,1.293204797,0,165,0,5.454545455,9,696
-,-,06-04-2020,Maharashtra,Maharashtra,6:00 PM,6.016042781,7.486631016,5.862528411,7.486631016,748,56,6.016042781,45,697
-,-,06-04-2020,Manipur,Other,6:00 PM,0,0,0.015675210,0,2,0,0,0,698
-,-,06-04-2020,Mizoram,Other,6:00 PM,0,0,0.007837605,0,1,0,0,0,699
-,-,06-04-2020,Odisha,Other,6:00 PM,0,9.523809524,0.164589701,9.523809524,21,2,0,0,700
-,-,06-04-2020,Puducherry,Other,6:00 PM,0,20,0.039188024,20,5,1,0,0,701
-,-,06-04-2020,Punjab,Other,6:00 PM,7.894736842,5.263157895,0.595657967,5.263157895,76,4,7.894736842,6,702
-,-,06-04-2020,Rajasthan,Other,6:00 PM,0,7.664233577,2.147503723,7.664233577,274,21,0,0,703
-,-,06-04-2020,Tamil Nadu,Other,6:00 PM,0.875656743,1.401050788,4.475272357,1.401050788,571,8,0.875656743,5,704
-,-,06-04-2020,Telengana,Other,6:00 PM,2.180685358,10.591900312,2.515871150,10.591900312,321,34,2.180685358,7,705
-,-,06-04-2020,Uttarakhand,Other,6:00 PM,0,15.384615385,0.203777726,15.384615385,26,4,0,0,706
-,-,06-04-2020,Uttar Pradesh,Other,6:00 PM,0.983606557,6.885245902,2.390469473,6.885245902,305,21,0.983606557,3,707
-,-,06-04-2020,West Bengal,Other,6:00 PM,3.75,12.5,0.627008386,12.5,80,10,3.75,3,708
-,-,07-04-2020,Andhra Pradesh,Other,6:00 PM,1.127819549,0.375939850,2.084802884,0.375939850,266,1,1.127819549,3,709
-,-,07-04-2020,Andaman and Nicobar Islands,Other,6:00 PM,0,0,0.078376048,0,10,0,0,0,710
-,-,07-04-2020,Arunachal Pradesh,Other,6:00 PM,0,0,0.007837605,0,1,0,0,0,711
-,-,07-04-2020,Assam,Other,6:00 PM,0,0,0.203777726,0,26,0,0,0,712
-,-,07-04-2020,Bihar,Other,6:00 PM,3.125,0,0.250803354,0,32,0,3.125,1,713
-,-,07-04-2020,Chandigarh,Other,6:00 PM,0,38.888888889,0.141076887,38.888888889,18,7,0,0,714
-,-,07-04-2020,Chhattisgarh,Other,6:00 PM,0,90,0.078376048,90,10,9,0,0,715
-,-,07-04-2020,Delhi,Other,6:00 PM,1.215277778,3.645833333,4.514460381,3.645833333,576,21,1.215277778,7,716
-,-,07-04-2020,Goa,Other,6:00 PM,0,0,0.054863234,0,7,0,0,0,717
-,-,07-04-2020,Gujarat,Other,6:00 PM,7.878787879,15.151515152,1.293204797,15.151515152,165,25,7.878787879,13,718
-,-,07-04-2020,Haryana,Other,6:00 PM,1.111111111,27.777777778,0.705384435,27.777777778,90,25,1.111111111,1,719
-,-,07-04-2020,Himachal Pradesh,Other,6:00 PM,7.692307692,15.384615385,0.101888863,15.384615385,13,2,7.692307692,1,720
-,-,07-04-2020,Jammu and Kashmir,Other,6:00 PM,1.724137931,3.448275862,0.909162160,3.448275862,116,4,1.724137931,2,721
-,-,07-04-2020,Jharkhand,Other,6:00 PM,0,0,0.031350419,0,4,0,0,0,722
-,-,07-04-2020,Karnataka,Other,6:00 PM,2.285714286,14.285714286,1.371580845,14.285714286,175,25,2.285714286,4,723
-,-,07-04-2020,Kerala,Other,6:00 PM,0.611620795,17.737003058,2.562896779,17.737003058,327,58,0.611620795,2,724
-,-,07-04-2020,Ladakh,Other,6:00 PM,0,71.428571429,0.109726468,71.428571429,14,10,0,0,725
-,-,07-04-2020,Madhya Pradesh,Other,6:00 PM,5.676855895,0,1.794811506,0,229,0,5.676855895,13,726
-,-,07-04-2020,Maharashtra,Maharashtra,6:00 PM,5.529953917,6.451612903,6.803040991,6.451612903,868,56,5.529953917,48,727
-,-,07-04-2020,Manipur,Other,6:00 PM,0,0,0.015675210,0,2,0,0,0,728
-,-,07-04-2020,Mizoram,Other,6:00 PM,0,0,0.007837605,0,1,0,0,0,729
-,-,07-04-2020,Odisha,Other,6:00 PM,2.380952381,4.761904762,0.329179403,4.761904762,42,2,2.380952381,1,730
-,-,07-04-2020,Puducherry,Other,6:00 PM,0,20,0.039188024,20,5,1,0,0,731
-,-,07-04-2020,Punjab,Other,6:00 PM,7.692307692,4.395604396,0.713222039,4.395604396,91,4,7.692307692,7,732
-,-,07-04-2020,Rajasthan,Other,6:00 PM,1.041666667,7.291666667,2.257230190,7.291666667,288,21,1.041666667,3,733
-,-,07-04-2020,Tamil Nadu,Other,6:00 PM,0.805152979,1.288244767,4.867152598,1.288244767,621,8,0.805152979,5,734
-,-,07-04-2020,Telengana,Other,6:00 PM,1.923076923,9.615384615,2.852888157,9.615384615,364,35,1.923076923,7,735
-,-,07-04-2020,Tripura,Other,6:00 PM,0,0,0.007837605,0,1,0,0,0,736
-,-,07-04-2020,Uttarakhand,Other,6:00 PM,0,16.129032258,0.242965750,16.129032258,31,5,0,0,737
-,-,07-04-2020,Uttar Pradesh,Other,6:00 PM,0.983606557,6.885245902,2.390469473,6.885245902,305,21,0.983606557,3,738
-,-,07-04-2020,West Bengal,Other,6:00 PM,3.296703297,14.285714286,0.713222039,14.285714286,91,13,3.296703297,3,739
-,-,08-04-2020,Andhra Pradesh,Other,5:00 PM,1.311475410,1.639344262,2.390469473,1.639344262,305,5,1.311475410,4,740
-,-,08-04-2020,Andaman and Nicobar Islands,Other,5:00 PM,0,0,0.078376048,0,10,0,0,0,741
-,-,08-04-2020,Arunachal Pradesh,Other,5:00 PM,0,0,0.007837605,0,1,0,0,0,742
-,-,08-04-2020,Assam,Other,5:00 PM,0,0,0.211615330,0,27,0,0,0,743
-,-,08-04-2020,Bihar,Other,5:00 PM,2.631578947,0,0.297828983,0,38,0,2.631578947,1,744
-,-,08-04-2020,Chandigarh,Other,5:00 PM,0,38.888888889,0.141076887,38.888888889,18,7,0,0,745
-,-,08-04-2020,Chhattisgarh,Other,5:00 PM,0,90,0.078376048,90,10,9,0,0,746
-,-,08-04-2020,Delhi,Other,5:00 PM,1.5625,3.645833333,4.514460381,3.645833333,576,21,1.5625,9,747
-,-,08-04-2020,Goa,Other,5:00 PM,0,0,0.054863234,0,7,0,0,0,748
-,-,08-04-2020,Gujarat,Other,5:00 PM,7.878787879,15.151515152,1.293204797,15.151515152,165,25,7.878787879,13,749
-,-,08-04-2020,Haryana,Other,5:00 PM,2.040816327,19.047619048,1.152127910,19.047619048,147,28,2.040816327,3,750
-,-,08-04-2020,Himachal Pradesh,Other,5:00 PM,5.555555556,11.111111111,0.141076887,11.111111111,18,2,5.555555556,1,751
-,-,08-04-2020,Jammu and Kashmir,Other,5:00 PM,1.724137931,3.448275862,0.909162160,3.448275862,116,4,1.724137931,2,752
-,-,08-04-2020,Jharkhand,Other,5:00 PM,0,0,0.031350419,0,4,0,0,0,753
-,-,08-04-2020,Karnataka,Other,5:00 PM,2.285714286,14.285714286,1.371580845,14.285714286,175,25,2.285714286,4,754
-,-,08-04-2020,Kerala,Other,5:00 PM,0.595238095,20.833333333,2.633435222,20.833333333,336,70,0.595238095,2,755
-,-,08-04-2020,Ladakh,Other,5:00 PM,0,71.428571429,0.109726468,71.428571429,14,10,0,0,756
-,-,08-04-2020,Madhya Pradesh,Other,5:00 PM,5.676855895,0,1.794811506,0,229,0,5.676855895,13,757
-,-,08-04-2020,Maharashtra,Maharashtra,5:00 PM,6.286836935,7.760314342,7.978681715,7.760314342,1018,79,6.286836935,64,758
-,-,08-04-2020,Manipur,Other,5:00 PM,0,0,0.015675210,0,2,0,0,0,759
-,-,08-04-2020,Mizoram,Other,5:00 PM,0,0,0.007837605,0,1,0,0,0,760
-,-,08-04-2020,Odisha,Other,5:00 PM,2.380952381,4.761904762,0.329179403,4.761904762,42,2,2.380952381,1,761
-,-,08-04-2020,Puducherry,Other,5:00 PM,0,20,0.039188024,20,5,1,0,0,762
-,-,08-04-2020,Punjab,Other,5:00 PM,7.692307692,4.395604396,0.713222039,4.395604396,91,4,7.692307692,7,763
-,-,08-04-2020,Rajasthan,Other,5:00 PM,0.914634146,6.402439024,2.570734384,6.402439024,328,21,0.914634146,3,764
-,-,08-04-2020,Tamil Nadu,Other,5:00 PM,1.014492754,2.753623188,5.407947331,2.753623188,690,19,1.014492754,7,765
-,-,08-04-2020,Telengana,Other,5:00 PM,1.639344262,8.196721311,3.346657262,8.196721311,427,35,1.639344262,7,766
-,-,08-04-2020,Tripura,Other,5:00 PM,0,0,0.007837605,0,1,0,0,0,767
-,-,08-04-2020,Uttarakhand,Other,5:00 PM,0,16.129032258,0.242965750,16.129032258,31,5,0,0,768
-,-,08-04-2020,Uttar Pradesh,Other,5:00 PM,0.874635569,7.580174927,2.688298456,7.580174927,343,26,0.874635569,3,769
-,-,08-04-2020,West Bengal,Other,5:00 PM,5.050505051,13.131313131,0.775922878,13.131313131,99,13,5.050505051,5,770
-,-,09-04-2020,Andhra Pradesh,Other,5:00 PM,1.149425287,1.724137931,2.727486480,1.724137931,348,6,1.149425287,4,771
-,-,09-04-2020,Andaman and Nicobar Islands,Other,5:00 PM,0,0,0.086213653,0,11,0,0,0,772
-,-,09-04-2020,Arunachal Pradesh,Other,5:00 PM,0,0,0.007837605,0,1,0,0,0,773
-,-,09-04-2020,Assam,Other,5:00 PM,0,0,0.219452935,0,28,0,0,0,774
-,-,09-04-2020,Bihar,Other,5:00 PM,2.564102564,0,0.305666588,0,39,0,2.564102564,1,775
-,-,09-04-2020,Chandigarh,Other,5:00 PM,0,38.888888889,0.141076887,38.888888889,18,7,0,0,776
-,-,09-04-2020,Chhattisgarh,Other,5:00 PM,0,90,0.078376048,90,10,9,0,0,777
-,-,09-04-2020,Delhi,Other,5:00 PM,1.345291480,3.139013453,5.243357630,3.139013453,669,21,1.345291480,9,778
-,-,09-04-2020,Goa,Other,5:00 PM,0,0,0.054863234,0,7,0,0,0,779
-,-,09-04-2020,Gujarat,Other,5:00 PM,8.938547486,13.966480447,1.402931264,13.966480447,179,25,8.938547486,16,780
-,-,09-04-2020,Haryana,Other,5:00 PM,1.775147929,17.159763314,1.324555216,17.159763314,169,29,1.775147929,3,781
-,-,09-04-2020,Himachal Pradesh,Other,5:00 PM,5.555555556,11.111111111,0.141076887,11.111111111,18,2,5.555555556,1,782
-,-,09-04-2020,Jammu and Kashmir,Other,5:00 PM,2.531645570,2.531645570,1.238341563,2.531645570,158,4,2.531645570,4,783
-,-,09-04-2020,Jharkhand,Other,5:00 PM,0,0,0.101888863,0,13,0,0,0,784
-,-,09-04-2020,Karnataka,Other,5:00 PM,2.762430939,15.469613260,1.418606474,15.469613260,181,28,2.762430939,5,785
-,-,09-04-2020,Kerala,Other,5:00 PM,0.579710145,24.057971014,2.703973666,24.057971014,345,83,0.579710145,2,786
-,-,09-04-2020,Ladakh,Other,5:00 PM,0,71.428571429,0.109726468,71.428571429,14,10,0,0,787
-,-,09-04-2020,Madhya Pradesh,Other,5:00 PM,6.177606178,0,2.029939650,0,259,0,6.177606178,16,788
-,-,09-04-2020,Maharashtra,Maharashtra,5:00 PM,6.343612335,10.308370044,8.895681480,10.308370044,1135,117,6.343612335,72,789
-,-,09-04-2020,Manipur,Other,5:00 PM,0,50,0.015675210,50,2,1,0,0,790
-,-,09-04-2020,Mizoram,Other,5:00 PM,0,0,0.007837605,0,1,0,0,0,791
-,-,09-04-2020,Odisha,Other,5:00 PM,2.380952381,4.761904762,0.329179403,4.761904762,42,2,2.380952381,1,792
-,-,09-04-2020,Puducherry,Other,5:00 PM,0,20,0.039188024,20,5,1,0,0,793
-,-,09-04-2020,Punjab,Other,5:00 PM,7.920792079,3.960396040,0.791598088,3.960396040,101,4,7.920792079,8,794
-,-,09-04-2020,Rajasthan,Other,5:00 PM,0.783289817,5.483028721,3.001802649,5.483028721,383,21,0.783289817,3,795
-,-,09-04-2020,Tamil Nadu,Other,5:00 PM,1.084010840,2.845528455,5.784152363,2.845528455,738,21,1.084010840,8,796
-,-,09-04-2020,Telengana,Other,5:00 PM,1.583710407,7.918552036,3.464221334,7.918552036,442,35,1.583710407,7,797
-,-,09-04-2020,Tripura,Other,5:00 PM,0,0,0.007837605,0,1,0,0,0,798
-,-,09-04-2020,Uttarakhand,Other,5:00 PM,0,14.285714286,0.274316169,14.285714286,35,5,0,0,799
-,-,09-04-2020,Uttar Pradesh,Other,5:00 PM,0.975609756,7.560975610,3.213417979,7.560975610,410,31,0.975609756,4,800
-,-,09-04-2020,West Bengal,Other,5:00 PM,4.854368932,15.533980583,0.807273297,15.533980583,103,16,4.854368932,5,801
-,-,10-04-2020,Andhra Pradesh,Other,5:00 PM,1.652892562,1.928374656,2.845050553,1.928374656,363,7,1.652892562,6,802
-,-,10-04-2020,Andaman and Nicobar Islands,Other,5:00 PM,0,0,0.086213653,0,11,0,0,0,803
-,-,10-04-2020,Arunachal Pradesh,Other,5:00 PM,0,0,0.007837605,0,1,0,0,0,804
-,-,10-04-2020,Assam,Other,5:00 PM,0,0,0.227290540,0,29,0,0,0,805
-,-,10-04-2020,Bihar,Other,5:00 PM,1.666666667,0,0.470256290,0,60,0,1.666666667,1,806
-,-,10-04-2020,Chandigarh,Other,5:00 PM,0,38.888888889,0.141076887,38.888888889,18,7,0,0,807
-,-,10-04-2020,Chhattisgarh,Other,5:00 PM,0,90,0.078376048,90,10,9,0,0,808
-,-,10-04-2020,Delhi,Other,5:00 PM,1.447661470,2.783964365,7.038169136,2.783964365,898,25,1.447661470,13,809
-,-,10-04-2020,Goa,Other,5:00 PM,0,14.285714286,0.054863234,14.285714286,7,1,0,0,810
-,-,10-04-2020,Gujarat,Other,5:00 PM,7.053941909,10.788381743,1.888862764,10.788381743,241,26,7.053941909,17,811
-,-,10-04-2020,Haryana,Other,5:00 PM,1.775147929,17.159763314,1.324555216,17.159763314,169,29,1.775147929,3,812
-,-,10-04-2020,Himachal Pradesh,Other,5:00 PM,3.571428571,21.428571429,0.219452935,21.428571429,28,6,3.571428571,1,813
-,-,10-04-2020,Jammu and Kashmir,Other,5:00 PM,2.173913043,3.260869565,1.442119288,3.260869565,184,6,2.173913043,4,814
-,-,10-04-2020,Jharkhand,Other,5:00 PM,7.692307692,0,0.101888863,0,13,0,7.692307692,1,815
-,-,10-04-2020,Karnataka,Other,5:00 PM,3.045685279,15.228426396,1.544008151,15.228426396,197,30,3.045685279,6,816
-,-,10-04-2020,Kerala,Other,5:00 PM,0.560224090,26.890756303,2.798024924,26.890756303,357,96,0.560224090,2,817
-,-,10-04-2020,Ladakh,Other,5:00 PM,0,66.666666667,0.117564072,66.666666667,15,10,0,0,818
-,-,10-04-2020,Madhya Pradesh,Other,5:00 PM,6.177606178,0,2.029939650,0,259,0,6.177606178,16,819
-,-,10-04-2020,Maharashtra,Maharashtra,5:00 PM,7.111436950,9.164222874,10.690492985,9.164222874,1364,125,7.111436950,97,820
-,-,10-04-2020,Manipur,Other,5:00 PM,0,50,0.015675210,50,2,1,0,0,821
-,-,10-04-2020,Mizoram,Other,5:00 PM,0,0,0.007837605,0,1,0,0,0,822
-,-,10-04-2020,Odisha,Other,5:00 PM,2.272727273,4.545454545,0.344854612,4.545454545,44,2,2.272727273,1,823
-,-,10-04-2020,Puducherry,Other,5:00 PM,0,20,0.039188024,20,5,1,0,0,824
-,-,10-04-2020,Punjab,Other,5:00 PM,8.333333333,3.787878788,1.034563837,3.787878788,132,5,8.333333333,11,825
-,-,10-04-2020,Rajasthan,Other,5:00 PM,0.647948164,4.535637149,3.628811035,4.535637149,463,21,0.647948164,3,826
-,-,10-04-2020,Tamil Nadu,Other,5:00 PM,0.959232614,2.517985612,6.536562427,2.517985612,834,21,0.959232614,8,827
-,-,10-04-2020,Telengana,Other,5:00 PM,1.479915433,7.399577167,3.707187084,7.399577167,473,35,1.479915433,7,828
-,-,10-04-2020,Tripura,Other,5:00 PM,0,0,0.007837605,0,1,0,0,0,829
-,-,10-04-2020,Uttarakhand,Other,5:00 PM,0,14.285714286,0.274316169,14.285714286,35,5,0,0,830
-,-,10-04-2020,Uttar Pradesh,Other,5:00 PM,0.928074246,7.424593968,3.378007681,7.424593968,431,32,0.928074246,4,831
-,-,10-04-2020,West Bengal,Other,5:00 PM,4.310344828,13.793103448,0.909162160,13.793103448,116,16,4.310344828,5,832
-,-,11-04-2020,Andhra Pradesh,Other,5:00 PM,1.574803150,2.887139108,2.986127439,2.887139108,381,11,1.574803150,6,833
-,-,11-04-2020,Andaman and Nicobar Islands,Other,5:00 PM,0,0,0.086213653,0,11,0,0,0,834
-,-,11-04-2020,Arunachal Pradesh,Other,5:00 PM,0,0,0.007837605,0,1,0,0,0,835
-,-,11-04-2020,Assam,Other,5:00 PM,3.448275862,0,0.227290540,0,29,0,3.448275862,1,836
-,-,11-04-2020,Bihar,Other,5:00 PM,1.666666667,0,0.470256290,0,60,0,1.666666667,1,837
-,-,11-04-2020,Chandigarh,Other,5:00 PM,0,38.888888889,0.141076887,38.888888889,18,7,0,0,838
-,-,11-04-2020,Chhattisgarh,Other,5:00 PM,0,50,0.141076887,50,18,9,0,0,839
-,-,11-04-2020,Delhi,Other,5:00 PM,1.550387597,2.768549280,7.077357160,2.768549280,903,25,1.550387597,14,840
-,-,11-04-2020,Goa,Other,5:00 PM,0,14.285714286,0.054863234,14.285714286,7,1,0,0,841
-,-,11-04-2020,Gujarat,Other,5:00 PM,6.168831169,10.064935065,2.413982287,10.064935065,308,31,6.168831169,19,842
-,-,11-04-2020,Haryana,Other,5:00 PM,1.694915254,16.384180791,1.387256055,16.384180791,177,29,1.694915254,3,843
-,-,11-04-2020,Himachal Pradesh,Other,5:00 PM,3.571428571,21.428571429,0.219452935,21.428571429,28,6,3.571428571,1,844
-,-,11-04-2020,Jammu and Kashmir,Other,5:00 PM,1.932367150,2.898550725,1.622384199,2.898550725,207,6,1.932367150,4,845
-,-,11-04-2020,Jharkhand,Other,5:00 PM,5.882352941,0,0.133239282,0,17,0,5.882352941,1,846
-,-,11-04-2020,Karnataka,Other,5:00 PM,2.803738318,17.289719626,1.677247433,17.289719626,214,37,2.803738318,6,847
-,-,11-04-2020,Kerala,Other,5:00 PM,0.549450549,33.791208791,2.852888157,33.791208791,364,123,0.549450549,2,848
-,-,11-04-2020,Ladakh,Other,5:00 PM,0,66.666666667,0.117564072,66.666666667,15,10,0,0,849
-,-,11-04-2020,Madhya Pradesh,Other,5:00 PM,7.449209932,0,3.472058939,0,443,0,7.449209932,33,850
-,-,11-04-2020,Maharashtra,Maharashtra,5:00 PM,6.988564168,11.944091487,12.336389999,11.944091487,1574,188,6.988564168,110,851
-,-,11-04-2020,Manipur,Other,5:00 PM,0,50,0.015675210,50,2,1,0,0,852
-,-,11-04-2020,Mizoram,Other,5:00 PM,0,0,0.007837605,0,1,0,0,0,853
-,-,11-04-2020,Odisha,Other,5:00 PM,2.083333333,4.166666667,0.376205032,4.166666667,48,2,2.083333333,1,854
-,-,11-04-2020,Puducherry,Other,5:00 PM,0,14.285714286,0.054863234,14.285714286,7,1,0,0,855
-,-,11-04-2020,Punjab,Other,5:00 PM,8.333333333,3.787878788,1.034563837,3.787878788,132,5,8.333333333,11,856
-,-,11-04-2020,Rajasthan,Other,5:00 PM,0.542495479,3.797468354,4.334195470,3.797468354,553,21,0.542495479,3,857
-,-,11-04-2020,Tamil Nadu,Other,5:00 PM,0.878155873,4.829857300,7.140057998,4.829857300,911,44,0.878155873,8,858
-,-,11-04-2020,Telengana,Other,5:00 PM,1.785714286,8.531746032,3.950152833,8.531746032,504,43,1.785714286,9,859
-,-,11-04-2020,Tripura,Other,5:00 PM,0,0,0.015675210,0,2,0,0,0,860
-,-,11-04-2020,Uttarakhand,Other,5:00 PM,0,14.285714286,0.274316169,14.285714286,35,5,0,0,861
-,-,11-04-2020,Uttar Pradesh,Other,5:00 PM,0.923787529,7.390300231,3.393682891,7.390300231,433,32,0.923787529,4,862
-,-,11-04-2020,West Bengal,Other,5:00 PM,3.968253968,12.698412698,0.987538208,12.698412698,126,16,3.968253968,5,863
-,-,12-04-2020,Andhra Pradesh,Other,5:00 PM,1.574803150,2.887139108,2.986127439,2.887139108,381,11,1.574803150,6,864
-,-,12-04-2020,Andaman and Nicobar Islands,Other,5:00 PM,0,90.909090909,0.086213653,90.909090909,11,10,0,0,865
-,-,12-04-2020,Arunachal Pradesh,Other,5:00 PM,0,0,0.007837605,0,1,0,0,0,866
-,-,12-04-2020,Assam,Other,5:00 PM,3.448275862,0,0.227290540,0,29,0,3.448275862,1,867
-,-,12-04-2020,Bihar,Other,5:00 PM,1.5625,29.6875,0.501606709,29.6875,64,19,1.5625,1,868
-,-,12-04-2020,Chandigarh,Other,5:00 PM,0,36.842105263,0.148914492,36.842105263,19,7,0,0,869
-,-,12-04-2020,Chhattisgarh,Other,5:00 PM,0,40,0.195940121,40,25,10,0,0,870
-,-,12-04-2020,Delhi,Other,5:00 PM,1.777362021,2.338634238,8.378399561,2.338634238,1069,25,1.777362021,19,871
-,-,12-04-2020,Goa,Other,5:00 PM,0,71.428571429,0.054863234,71.428571429,7,5,0,0,872
-,-,12-04-2020,Gujarat,Other,5:00 PM,5.092592593,10.185185185,3.385845286,10.185185185,432,44,5.092592593,22,873
-,-,12-04-2020,Haryana,Other,5:00 PM,1.621621622,15.675675676,1.449956893,15.675675676,185,29,1.621621622,3,874
-,-,12-04-2020,Himachal Pradesh,Other,5:00 PM,3.125,18.75,0.250803354,18.75,32,6,3.125,1,875
-,-,12-04-2020,Jammu and Kashmir,Other,5:00 PM,1.785714286,2.678571429,1.755623481,2.678571429,224,6,1.785714286,4,876
-,-,12-04-2020,Jharkhand,Other,5:00 PM,5.882352941,0,0.133239282,0,17,0,5.882352941,1,877
-,-,12-04-2020,Karnataka,Other,5:00 PM,2.654867257,16.371681416,1.771298691,16.371681416,226,37,2.654867257,6,878
-,-,12-04-2020,Kerala,Other,5:00 PM,0.534759358,37.967914439,2.931264206,37.967914439,374,142,0.534759358,2,879
-,-,12-04-2020,Ladakh,Other,5:00 PM,0,66.666666667,0.117564072,66.666666667,15,10,0,0,880
-,-,12-04-2020,Madhya Pradesh,Other,5:00 PM,6.382978723,0,4.420409123,0,564,0,6.382978723,36,881
-,-,12-04-2020,Maharashtra,Maharashtra,5:00 PM,7.211811471,11.811470755,13.802022102,11.811470755,1761,208,7.211811471,127,882
-,-,12-04-2020,Manipur,Other,5:00 PM,0,50,0.015675210,50,2,1,0,0,883
-,-,12-04-2020,Mizoram,Other,5:00 PM,0,0,0.007837605,0,1,0,0,0,884
-,-,12-04-2020,Odisha,Other,5:00 PM,1.851851852,22.222222222,0.423230661,22.222222222,54,12,1.851851852,1,885
-,-,12-04-2020,Puducherry,Other,5:00 PM,0,14.285714286,0.054863234,14.285714286,7,1,0,0,886
-,-,12-04-2020,Punjab,Other,5:00 PM,7.284768212,3.311258278,1.183478329,3.311258278,151,5,7.284768212,11,887
-,-,12-04-2020,Rajasthan,Other,5:00 PM,0.428571429,3,5.486323380,3,700,21,0.428571429,3,888
-,-,12-04-2020,Tamil Nadu,Other,5:00 PM,1.031991744,4.540763674,7.594639078,4.540763674,969,44,1.031991744,10,889
-,-,12-04-2020,Telengana,Other,5:00 PM,1.785714286,8.531746032,3.950152833,8.531746032,504,43,1.785714286,9,890
-,-,12-04-2020,Tripura,Other,5:00 PM,0,0,0.015675210,0,2,0,0,0,891
-,-,12-04-2020,Uttarakhand,Other,5:00 PM,0,14.285714286,0.274316169,14.285714286,35,5,0,0,892
-,-,12-04-2020,Uttar Pradesh,Other,5:00 PM,1.106194690,9.955752212,3.542597382,9.955752212,452,45,1.106194690,5,893
-,-,12-04-2020,West Bengal,Other,5:00 PM,3.731343284,14.179104478,1.050239047,14.179104478,134,19,3.731343284,5,894
-,-,13-04-2020,Andhra Pradesh,Other,5:00 PM,1.620370370,2.546296296,3.385845286,2.546296296,432,11,1.620370370,7,895
-,-,13-04-2020,Andaman and Nicobar Islands,Other,5:00 PM,0,90.909090909,0.086213653,90.909090909,11,10,0,0,896
-,-,13-04-2020,Arunachal Pradesh,Other,5:00 PM,0,0,0.007837605,0,1,0,0,0,897
-,-,13-04-2020,Assam,Other,5:00 PM,3.225806452,0,0.242965750,0,31,0,3.225806452,1,898
-,-,13-04-2020,Bihar,Other,5:00 PM,1.5625,40.625,0.501606709,40.625,64,26,1.5625,1,899
-,-,13-04-2020,Chandigarh,Other,5:00 PM,0,33.333333333,0.164589701,33.333333333,21,7,0,0,900
-,-,13-04-2020,Chhattisgarh,Other,5:00 PM,0,32.258064516,0.242965750,32.258064516,31,10,0,0,901
-,-,13-04-2020,Delhi,Other,5:00 PM,2.079722704,2.339688042,9.044595971,2.339688042,1154,27,2.079722704,24,902
-,-,13-04-2020,Goa,Other,5:00 PM,0,71.428571429,0.054863234,71.428571429,7,5,0,0,903
-,-,13-04-2020,Gujarat,Other,5:00 PM,4.823747681,8.719851577,4.224469002,8.719851577,539,47,4.823747681,26,904
-,-,13-04-2020,Haryana,Other,5:00 PM,1.621621622,15.675675676,1.449956893,15.675675676,185,29,1.621621622,3,905
-,-,13-04-2020,Himachal Pradesh,Other,5:00 PM,3.125,40.625,0.250803354,40.625,32,13,3.125,1,906
-,-,13-04-2020,Jammu and Kashmir,Other,5:00 PM,1.632653061,2.448979592,1.920213183,2.448979592,245,6,1.632653061,4,907
-,-,13-04-2020,Jharkhand,Other,5:00 PM,10.526315789,0,0.148914492,0,19,0,10.526315789,2,908
-,-,13-04-2020,Karnataka,Other,5:00 PM,2.429149798,23.886639676,1.935888393,23.886639676,247,59,2.429149798,6,909
-,-,13-04-2020,Kerala,Other,5:00 PM,0.797872340,47.606382979,2.946939415,47.606382979,376,179,0.797872340,3,910
-,-,13-04-2020,Ladakh,Other,5:00 PM,0,66.666666667,0.117564072,66.666666667,15,10,0,0,911
-,-,13-04-2020,Madhya Pradesh,Other,5:00 PM,7.119205298,7.284768212,4.733913316,7.284768212,604,44,7.119205298,43,912
-,-,13-04-2020,Maharashtra,Maharashtra,5:00 PM,7.506297229,10.931989924,15.557645584,10.931989924,1985,217,7.506297229,149,913
-,-,13-04-2020,Manipur,Other,5:00 PM,0,50,0.015675210,50,2,1,0,0,914
-,-,13-04-2020,Mizoram,Other,5:00 PM,0,0,0.007837605,0,1,0,0,0,915
-,-,13-04-2020,Nagaland,Other,5:00 PM,0,0,0.007837605,0,1,0,0,0,916
-,-,13-04-2020,Odisha,Other,5:00 PM,1.851851852,22.222222222,0.423230661,22.222222222,54,12,1.851851852,1,917
-,-,13-04-2020,Puducherry,Other,5:00 PM,0,14.285714286,0.054863234,14.285714286,7,1,0,0,918
-,-,13-04-2020,Punjab,Other,5:00 PM,6.586826347,8.383233533,1.308880006,8.383233533,167,14,6.586826347,11,919
-,-,13-04-2020,Rajasthan,Other,5:00 PM,0.369458128,2.586206897,6.364135120,2.586206897,812,21,0.369458128,3,920
-,-,13-04-2020,Tamil Nadu,Other,5:00 PM,1.023255814,4.651162791,8.425425190,4.651162791,1075,50,1.023255814,11,921
-,-,13-04-2020,Telengana,Other,5:00 PM,2.846975089,17.793594306,4.404733913,17.793594306,562,100,2.846975089,16,922
-,-,13-04-2020,Tripura,Other,5:00 PM,0,0,0.015675210,0,2,0,0,0,923
-,-,13-04-2020,Uttarakhand,Other,5:00 PM,0,14.285714286,0.274316169,14.285714286,35,5,0,0,924
-,-,13-04-2020,Uttar Pradesh,Other,5:00 PM,1.035196687,9.730848861,3.785563132,9.730848861,483,47,1.035196687,5,925
-,-,13-04-2020,West Bengal,Other,5:00 PM,4.605263158,19.078947368,1.191315934,19.078947368,152,29,4.605263158,7,926
-,-,14-04-2020,Andhra Pradesh,Other,5:00 PM,1.902748414,2.959830867,3.707187084,2.959830867,473,14,1.902748414,9,927
-,-,14-04-2020,Andaman and Nicobar Islands,Other,5:00 PM,0,90.909090909,0.086213653,90.909090909,11,10,0,0,928
-,-,14-04-2020,Arunachal Pradesh,Other,5:00 PM,0,0,0.007837605,0,1,0,0,0,929
-,-,14-04-2020,Assam,Other,5:00 PM,3.225806452,0,0.242965750,0,31,0,3.225806452,1,930
-,-,14-04-2020,Bihar,Other,5:00 PM,1.515151515,39.393939394,0.517281919,39.393939394,66,26,1.515151515,1,931
-,-,14-04-2020,Chandigarh,Other,5:00 PM,0,33.333333333,0.164589701,33.333333333,21,7,0,0,932
-,-,14-04-2020,Chhattisgarh,Other,5:00 PM,0,32.258064516,0.242965750,32.258064516,31,10,0,0,933
-,-,14-04-2020,Delhi,Other,5:00 PM,1.854304636,1.986754967,11.834783290,1.986754967,1510,30,1.854304636,28,934
-,-,14-04-2020,Goa,Other,5:00 PM,0,71.428571429,0.054863234,71.428571429,7,5,0,0,935
-,-,14-04-2020,Gujarat,Other,5:00 PM,4.213938412,8.914100486,4.835802179,8.914100486,617,55,4.213938412,26,936
-,-,14-04-2020,Haryana,Other,5:00 PM,1.507537688,17.085427136,1.559683361,17.085427136,199,34,1.507537688,3,937
-,-,14-04-2020,Himachal Pradesh,Other,5:00 PM,3.125,40.625,0.250803354,40.625,32,13,3.125,1,938
-,-,14-04-2020,Jammu and Kashmir,Other,5:00 PM,1.481481481,5.925925926,2.116153304,5.925925926,270,16,1.481481481,4,939
-,-,14-04-2020,Jharkhand,Other,5:00 PM,8.333333333,0,0.188102516,0,24,0,8.333333333,2,940
-,-,14-04-2020,Karnataka,Other,5:00 PM,3.488372093,25.193798450,2.022102046,25.193798450,258,65,3.488372093,9,941
-,-,14-04-2020,Kerala,Other,5:00 PM,0.791556728,52.242744063,2.970452230,52.242744063,379,198,0.791556728,3,942
-,-,14-04-2020,Ladakh,Other,5:00 PM,0,66.666666667,0.117564072,66.666666667,15,10,0,0,943
-,-,14-04-2020,Madhya Pradesh,Other,5:00 PM,6.849315068,6.986301370,5.721451524,6.986301370,730,51,6.849315068,50,944
-,-,14-04-2020,Maharashtra,Maharashtra,5:00 PM,6.846384253,9.798887463,18.316482483,9.798887463,2337,229,6.846384253,160,945
-,-,14-04-2020,Manipur,Other,5:00 PM,0,50,0.015675210,50,2,1,0,0,946
-,-,14-04-2020,Meghalaya,Other,5:00 PM,0,0,0.007837605,0,1,0,0,0,947
-,-,14-04-2020,Mizoram,Other,5:00 PM,0,0,0.007837605,0,1,0,0,0,948
-,-,14-04-2020,Nagaland,Other,5:00 PM,0,0,0.007837605,0,1,0,0,0,949
-,-,14-04-2020,Odisha,Other,5:00 PM,1.818181818,32.727272727,0.431068266,32.727272727,55,18,1.818181818,1,950
-,-,14-04-2020,Puducherry,Other,5:00 PM,0,14.285714286,0.054863234,14.285714286,7,1,0,0,951
-,-,14-04-2020,Punjab,Other,5:00 PM,6.818181818,7.954545455,1.379418450,7.954545455,176,14,6.818181818,12,952
-,-,14-04-2020,Rajasthan,Other,5:00 PM,0.341296928,15.130830489,6.889254644,15.130830489,879,133,0.341296928,3,953
-,-,14-04-2020,Tamil Nadu,Other,5:00 PM,0.937766411,4.944586530,9.193510463,4.944586530,1173,58,0.937766411,11,954
-,-,14-04-2020,Telengana,Other,5:00 PM,2.724358974,16.025641026,4.890665413,16.025641026,624,100,2.724358974,17,955
-,-,14-04-2020,Tripura,Other,5:00 PM,0,0,0.015675210,0,2,0,0,0,956
-,-,14-04-2020,Uttarakhand,Other,5:00 PM,0,20,0.274316169,20,35,7,0,0,957
-,-,14-04-2020,Uttar Pradesh,Other,5:00 PM,0.761035008,7.458143075,5.149306372,7.458143075,657,49,0.761035008,5,958
-,-,14-04-2020,West Bengal,Other,5:00 PM,3.684210526,18.947368421,1.489144917,18.947368421,190,36,3.684210526,7,959
-,-,15-04-2020,Andaman and Nicobar Islands,Other,5:00 PM,0,90.909090909,0.086213653,90.909090909,11,10,0,0,960
-,-,15-04-2020,Andhra Pradesh,Other,5:00 PM,1.789264414,3.180914513,3.942315228,3.180914513,503,16,1.789264414,9,961
-,-,15-04-2020,Arunachal Pradesh,Other,5:00 PM,0,0,0.007837605,0,1,0,0,0,962
-,-,15-04-2020,Assam,Other,5:00 PM,3.030303030,0,0.258640959,0,33,0,3.030303030,1,963
-,-,15-04-2020,Bihar,Other,5:00 PM,1.428571429,41.428571429,0.548632338,41.428571429,70,29,1.428571429,1,964
-,-,15-04-2020,Chandigarh,Other,5:00 PM,0,33.333333333,0.164589701,33.333333333,21,7,0,0,965
-,-,15-04-2020,Chhattisgarh,Other,5:00 PM,0,39.393939394,0.258640959,39.393939394,33,13,0,0,966
-,-,15-04-2020,Delhi,Other,5:00 PM,1.921844971,1.921844971,12.234501136,1.921844971,1561,30,1.921844971,30,967
-,-,15-04-2020,Goa,Other,5:00 PM,0,71.428571429,0.054863234,71.428571429,7,5,0,0,968
-,-,15-04-2020,Gujarat,Other,5:00 PM,4.316546763,8.489208633,5.447135355,8.489208633,695,59,4.316546763,30,969
-,-,15-04-2020,Haryana,Other,5:00 PM,1.507537688,17.085427136,1.559683361,17.085427136,199,34,1.507537688,3,970
-,-,15-04-2020,Himachal Pradesh,Other,5:00 PM,3.030303030,39.393939394,0.258640959,39.393939394,33,13,3.030303030,1,971
-,-,15-04-2020,Jammu and Kashmir,Other,5:00 PM,1.438848921,10.791366906,2.178854142,10.791366906,278,30,1.438848921,4,972
-,-,15-04-2020,Jharkhand,Other,5:00 PM,7.407407407,0,0.211615330,0,27,0,7.407407407,2,973
-,-,15-04-2020,Karnataka,Other,5:00 PM,3.971119134,27.075812274,2.171016537,27.075812274,277,75,3.971119134,11,974
-,-,15-04-2020,Kerala,Other,5:00 PM,0.775193798,54.521963824,3.033153068,54.521963824,387,211,0.775193798,3,975
-,-,15-04-2020,Ladakh,Other,5:00 PM,0,58.823529412,0.133239282,58.823529412,17,10,0,0,976
-,-,15-04-2020,Madhya Pradesh,Other,5:00 PM,5.369807497,6.484295846,7.735715965,6.484295846,987,64,5.369807497,53,977
-,-,15-04-2020,Maharashtra,Maharashtra,5:00 PM,6.624488277,9.639002605,21.059644173,9.639002605,2687,259,6.624488277,178,978
-,-,15-04-2020,Manipur,Other,5:00 PM,0,50,0.015675210,50,2,1,0,0,979
-,-,15-04-2020,Meghalaya,Other,5:00 PM,14.285714286,0,0.054863234,0,7,0,14.285714286,1,980
-,-,15-04-2020,Mizoram,Other,5:00 PM,0,0,0.007837605,0,1,0,0,0,981
-,-,15-04-2020,Nagaland#,Other,5:00 PM,,,0,,0,0,,0,982
-,-,15-04-2020,Odisha,Other,5:00 PM,1.666666667,30,0.470256290,30,60,18,1.666666667,1,983
-,-,15-04-2020,Puducherry,Other,5:00 PM,0,14.285714286,0.054863234,14.285714286,7,1,0,0,984
-,-,15-04-2020,Punjab,Other,5:00 PM,6.989247312,7.526881720,1.457794498,7.526881720,186,14,6.989247312,13,985
-,-,15-04-2020,Rajasthan,Other,5:00 PM,0.298507463,14.626865672,7.876792852,14.626865672,1005,147,0.298507463,3,986
-,-,15-04-2020,Tamil Nadu,Other,5:00 PM,0.996677741,6.727574751,9.436476213,6.727574751,1204,81,0.996677741,12,987
-,-,15-04-2020,Telengana,Other,5:00 PM,2.782071097,18.547140649,5.070930324,18.547140649,647,120,2.782071097,18,988
-,-,15-04-2020,Tripura,Other,5:00 PM,0,0,0.015675210,0,2,0,0,0,989
-,-,15-04-2020,Uttarakhand,Other,5:00 PM,0,24.324324324,0.289991379,24.324324324,37,9,0,0,990
-,-,15-04-2020,Uttar Pradesh,Other,5:00 PM,1.496598639,6.938775510,5.760639549,6.938775510,735,51,1.496598639,11,991
-,-,15-04-2020,West Bengal,Other,5:00 PM,3.286384977,17.370892019,1.669409828,17.370892019,213,37,3.286384977,7,992
-,-,16-04-2020,Andaman and Nicobar Islands,Other,5:00 PM,0,90.909090909,0.086213653,90.909090909,11,10,0,0,993
-,-,16-04-2020,Andhra Pradesh,Other,5:00 PM,2.621722846,3.745318352,4.185280978,3.745318352,534,20,2.621722846,14,994
-,-,16-04-2020,Arunachal Pradesh,Other,5:00 PM,0,0,0.007837605,0,1,0,0,0,995
-,-,16-04-2020,Assam,Other,5:00 PM,3.030303030,15.151515152,0.258640959,15.151515152,33,5,3.030303030,1,996
-,-,16-04-2020,Bihar,Other,5:00 PM,1.351351351,39.189189189,0.579982757,39.189189189,74,29,1.351351351,1,997
-,-,16-04-2020,Chandigarh,Other,5:00 PM,0,33.333333333,0.164589701,33.333333333,21,7,0,0,998
-,-,16-04-2020,Chhattisgarh,Other,5:00 PM,0,51.515151515,0.258640959,51.515151515,33,17,0,0,999
-,-,16-04-2020,Delhi,Other,5:00 PM,2.027883397,2.661596958,12.367740419,2.661596958,1578,42,2.027883397,32,1000
-,-,16-04-2020,Goa,Other,5:00 PM,0,71.428571429,0.054863234,71.428571429,7,5,0,0,1001
-,-,16-04-2020,Gujarat,Other,5:00 PM,4.133180253,7.347876005,6.826553805,7.347876005,871,64,4.133180253,36,1002
-,-,16-04-2020,Haryana,Other,5:00 PM,1.463414634,20.975609756,1.606708990,20.975609756,205,43,1.463414634,3,1003
-,-,16-04-2020,Himachal Pradesh,Other,5:00 PM,2.857142857,45.714285714,0.274316169,45.714285714,35,16,2.857142857,1,1004
-,-,16-04-2020,Jammu and Kashmir,Other,5:00 PM,1.333333333,12,2.351281448,12,300,36,1.333333333,4,1005
-,-,16-04-2020,Jharkhand,Other,5:00 PM,7.142857143,0,0.219452935,0,28,0,7.142857143,2,1006
-,-,16-04-2020,Karnataka,Other,5:00 PM,4.126984127,26.031746032,2.468845521,26.031746032,315,82,4.126984127,13,1007
-,-,16-04-2020,Kerala,Other,5:00 PM,0.773195876,56.185567010,3.040990673,56.185567010,388,218,0.773195876,3,1008
-,-,16-04-2020,Ladakh,Other,5:00 PM,0,58.823529412,0.133239282,58.823529412,17,10,0,0,1009
-,-,16-04-2020,Madhya Pradesh,Other,5:00 PM,4.732142857,5.714285714,8.778117407,5.714285714,1120,64,4.732142857,53,1010
-,-,16-04-2020,Maharashtra,Maharashtra,5:00 PM,6.406303529,10.106200754,22.877968493,10.106200754,2919,295,6.406303529,187,1011
-,-,16-04-2020,Manipur,Other,5:00 PM,0,50,0.015675210,50,2,1,0,0,1012
-,-,16-04-2020,Meghalaya,Other,5:00 PM,14.285714286,0,0.054863234,0,7,0,14.285714286,1,1013
-,-,16-04-2020,Mizoram,Other,5:00 PM,0,0,0.007837605,0,1,0,0,0,1014
-,-,16-04-2020,Nagaland#,Other,5:00 PM,,,0,,0,0,,0,1015
-,-,16-04-2020,Odisha,Other,5:00 PM,1.666666667,30,0.470256290,30,60,18,1.666666667,1,1016
-,-,16-04-2020,Puducherry,Other,5:00 PM,0,14.285714286,0.054863234,14.285714286,7,1,0,0,1017
-,-,16-04-2020,Punjab,Other,5:00 PM,6.989247312,14.516129032,1.457794498,14.516129032,186,27,6.989247312,13,1018
-,-,16-04-2020,Rajasthan,Other,5:00 PM,0.293255132,14.369501466,8.017869739,14.369501466,1023,147,0.293255132,3,1019
-,-,16-04-2020,Tamil Nadu,Other,5:00 PM,1.127214171,9.500805153,9.734305196,9.500805153,1242,118,1.127214171,14,1020
-,-,16-04-2020,Telengana,Other,5:00 PM,2.578796562,17.191977077,5.470648170,17.191977077,698,120,2.578796562,18,1021
-,-,16-04-2020,Tripura,Other,5:00 PM,0,50,0.015675210,50,2,1,0,0,1022
-,-,16-04-2020,Uttar Pradesh,Other,5:00 PM,1.681759379,8.796895213,6.058468532,8.796895213,773,68,1.681759379,13,1024
-,-,16-04-2020,Uttarakhand,Other,5:00 PM,0,24.324324324,0.289991379,24.324324324,37,9,0,0,1023
-,-,16-04-2020,West Bengal,Other,5:00 PM,3.030303030,18.181818182,1.810486715,18.181818182,231,42,3.030303030,7,1025
